fecha	banda	reflec
2017-01-27	B01	0.14221
2017-01-27	B02	0.131825
2017-01-27	B03	0.14784
2017-01-27	B04	0.193785
2017-01-27	B05	0.2014
2017-01-27	B06	0.1867
2017-01-27	B07	0.20645
2017-01-27	B08	0.1792
2017-01-27	B8A	0.175835
2017-01-27	B11	0.02073
2017-01-27	B12	0.013105
2017-02-06	B01	0.132635
2017-02-06	B02	0.12221
2017-02-06	B03	0.137825
2017-02-06	B04	0.174085
2017-02-06	B05	0.17301499999999995
2017-02-06	B06	0.141545
2017-02-06	B07	0.157095
2017-02-06	B08	0.1279
2017-02-06	B8A	0.12151
2017-02-06	B11	0.01857
2017-02-06	B12	0.01198499999999999
2017-02-16	B01	0.129275
2017-02-16	B02	0.11936
2017-02-16	B03	0.134005
2017-02-16	B04	0.16733
2017-02-16	B05	0.159305
2017-02-16	B06	0.1271
2017-02-16	B07	0.14399
2017-02-16	B08	0.112455
2017-02-16	B8A	0.10928
2017-02-16	B11	0.016225
2017-02-16	B12	0.008805
2017-03-08	B01	0.13915
2017-03-08	B02	0.131955
2017-03-08	B03	0.14762
2017-03-08	B04	0.18951
2017-03-08	B05	0.18414
2017-03-08	B06	0.173995
2017-03-08	B07	0.19743
2017-03-08	B08	0.16001
2017-03-08	B8A	0.17002
2017-03-08	B11	0.02394
2017-03-08	B12	0.01511
2017-03-28	B01	0.137585
2017-03-28	B02	0.130855
2017-03-28	B03	0.146145
2017-03-28	B04	0.18999
2017-03-28	B05	0.18913
2017-03-28	B06	0.176295
2017-03-28	B07	0.197025
2017-03-28	B08	0.164325
2017-03-28	B8A	0.16637000000000002
2017-03-28	B11	0.01747
2017-03-28	B12	0.009675
2017-04-17	B01	0.17349
2017-04-17	B02	0.157255
2017-04-17	B03	0.1705
2017-04-17	B04	0.214725
2017-04-17	B05	0.21393500000000004
2017-04-17	B06	0.20795
2017-04-17	B07	0.23563500000000004
2017-04-17	B08	0.195255
2017-04-17	B8A	0.20986
2017-04-17	B11	0.070175
2017-04-17	B12	0.059555
2017-07-21	B01	0.13096
2017-07-21	B02	0.101355
2017-07-21	B03	0.08114
2017-07-21	B04	0.080595
2017-07-21	B05	0.07956
2017-07-21	B06	0.058655
2017-07-21	B07	0.06014499999999999
2017-07-21	B08	0.04973
2017-07-21	B8A	0.04376
2017-07-21	B11	0.01523
2017-07-21	B12	0.00798499999999999
2017-07-26	B01	0.133345
2017-07-26	B02	0.10477
2017-07-26	B03	0.08607000000000001
2017-07-26	B04	0.08622
2017-07-26	B05	0.08219499999999999
2017-07-26	B06	0.063325
2017-07-26	B07	0.06677999999999999
2017-07-26	B08	0.05467999999999999
2017-07-26	B8A	0.05315499999999999
2017-07-26	B11	0.02151999999999999
2017-07-26	B12	0.013855
2017-08-10	B01	0.158175
2017-08-10	B02	0.127375
2017-08-10	B03	0.10693
2017-08-10	B04	0.100235
2017-08-10	B05	0.093734999999999985
2017-08-10	B06	0.08263499999999999
2017-08-10	B07	0.08916
2017-08-10	B08	0.070445
2017-08-10	B8A	0.07359
2017-08-10	B11	0.02696999999999999
2017-08-10	B12	0.01542
2017-08-15	B01	0.117925
2017-08-15	B02	0.0928
2017-08-15	B03	0.08121
2017-08-15	B04	0.084625
2017-08-15	B05	0.079455
2017-08-15	B06	0.04983999999999999
2017-08-15	B07	0.05159499999999999
2017-08-15	B08	0.04315
2017-08-15	B8A	0.039565
2017-08-15	B11	0.016035
2017-08-15	B12	0.01105
2017-09-19	B01	0.12322
2017-09-19	B02	0.098435
2017-09-19	B03	0.089795
2017-09-19	B04	0.08426499999999999
2017-09-19	B05	0.0775
2017-09-19	B06	0.05769
2017-09-19	B07	0.06165499999999999
2017-09-19	B08	0.05001
2017-09-19	B8A	0.048355
2017-09-19	B11	0.020295
2017-09-19	B12	0.01142
2017-11-18	B01	0.144405
2017-11-18	B02	0.13103499999999998
2017-11-18	B03	0.12836499999999998
2017-11-18	B04	0.13522
2017-11-18	B05	0.1333
2017-11-18	B06	0.122505
2017-11-18	B07	0.132685
2017-11-18	B08	0.117905
2017-11-18	B8A	0.124755
2017-11-18	B11	0.08459
2017-11-18	B12	0.063535
2017-11-28	B01	0.136875
2017-11-28	B02	0.120045
2017-11-28	B03	0.118525
2017-11-28	B04	0.124255
2017-11-28	B05	0.118065
2017-11-28	B06	0.093935
2017-11-28	B07	0.10065
2017-11-28	B08	0.08079499999999999
2017-11-28	B8A	0.089055
2017-11-28	B11	0.05941
2017-11-28	B12	0.0468
2017-12-08	B01	0.11952
2017-12-08	B02	0.097885
2017-12-08	B03	0.094645
2017-12-08	B04	0.096775
2017-12-08	B05	0.08784
2017-12-08	B06	0.058875
2017-12-08	B07	0.063475
2017-12-08	B08	0.049635
2017-12-08	B8A	0.04721
2017-12-08	B11	0.02016
2017-12-08	B12	0.01373
2017-12-13	B01	0.140585
2017-12-13	B02	0.131885
2017-12-13	B03	0.13013
2017-12-13	B04	0.136095
2017-12-13	B05	0.12688
2017-12-13	B06	0.09918
2017-12-13	B07	0.104075
2017-12-13	B08	0.093225
2017-12-13	B8A	0.093065
2017-12-13	B11	0.062425
2017-12-13	B12	0.04868
2017-12-18	B01	0.13061499999999998
2017-12-18	B02	0.11507
2017-12-18	B03	0.12172
2017-12-18	B04	0.141915
2017-12-18	B05	0.13354000000000002
2017-12-18	B06	0.095565
2017-12-18	B07	0.105425
2017-12-18	B08	0.084925
2017-12-18	B8A	0.08298
2017-12-18	B11	0.035605
2017-12-18	B12	0.024005
2018-01-02	B01	0.207815
2018-01-02	B02	0.19169
2018-01-02	B03	0.201205
2018-01-02	B04	0.221615
2018-01-02	B05	0.23529500000000003
2018-01-02	B06	0.28125
2018-01-02	B07	0.32177
2018-01-02	B08	0.282115
2018-01-02	B8A	0.325535
2018-01-02	B11	0.203985
2018-01-02	B12	0.138945
2018-01-07	B01	0.14697000000000002
2018-01-07	B02	0.139515
2018-01-07	B03	0.154475
2018-01-07	B04	0.197775
2018-01-07	B05	0.200435
2018-01-07	B06	0.176835
2018-01-07	B07	0.19483
2018-01-07	B08	0.16472
2018-01-07	B8A	0.16334500000000002
2018-01-07	B11	0.05316
2018-01-07	B12	0.039905
2018-01-17	B01	0.2776
2018-01-17	B02	0.277975
2018-01-17	B03	0.282185
2018-01-17	B04	0.30017
2018-01-17	B05	0.30635500000000004
2018-01-17	B06	0.358955
2018-01-17	B07	0.40222
2018-01-17	B08	0.379155
2018-01-17	B8A	0.42081
2018-01-17	B11	0.35213
2018-01-17	B12	0.24955500000000003
2018-01-27	B01	0.119355
2018-01-27	B02	0.10322
2018-01-27	B03	0.105065
2018-01-27	B04	0.12407
2018-01-27	B05	0.11284
2018-01-27	B06	0.08177999999999999
2018-01-27	B07	0.09411
2018-01-27	B08	0.07126
2018-01-27	B8A	0.068375
2018-01-27	B11	0.01239
2018-01-27	B12	0.006575
2018-02-06	B01	0.119255
2018-02-06	B02	0.100505
2018-02-06	B03	0.101985
2018-02-06	B04	0.122135
2018-02-06	B05	0.11847
2018-02-06	B06	0.091325
2018-02-06	B07	0.10628
2018-02-06	B08	0.084585
2018-02-06	B8A	0.07912999999999999
2018-02-06	B11	0.01637
2018-02-06	B12	0.010225
2018-02-11	B01	0.19151
2018-02-11	B02	0.19815
2018-02-11	B03	0.177835
2018-02-11	B04	0.163635
2018-02-11	B05	0.15953
2018-02-11	B06	0.177625
2018-02-11	B07	0.187655
2018-02-11	B08	0.23171
2018-02-11	B8A	0.17385
2018-02-11	B11	0.14169
2018-02-11	B12	0.080355
2018-02-16	B01	0.129575
2018-02-16	B02	0.115425
2018-02-16	B03	0.125255
2018-02-16	B04	0.15991499999999997
2018-02-16	B05	0.1546
2018-02-16	B06	0.126825
2018-02-16	B07	0.14568
2018-02-16	B08	0.11639
2018-02-16	B8A	0.11302
2018-02-16	B11	0.01959
2018-02-16	B12	0.01176
2018-02-26	B01	0.142355
2018-02-26	B02	0.130855
2018-02-26	B03	0.14383
2018-02-26	B04	0.18406
2018-02-26	B05	0.17868
2018-02-26	B06	0.156855
2018-02-26	B07	0.17846499999999998
2018-02-26	B08	0.14564000000000002
2018-02-26	B8A	0.146005
2018-02-26	B11	0.0246
2018-02-26	B12	0.01478
2018-03-03	B01	0.144865
2018-03-03	B02	0.13294
2018-03-03	B03	0.144395
2018-03-03	B04	0.18386499999999997
2018-03-03	B05	0.180325
2018-03-03	B06	0.16731
2018-03-03	B07	0.18677
2018-03-03	B08	0.14929
2018-03-03	B8A	0.15787
2018-03-03	B11	0.02863
2018-03-03	B12	0.01711
2018-03-08	B01	0.133945
2018-03-08	B02	0.12202
2018-03-08	B03	0.13500499999999999
2018-03-08	B04	0.173615
2018-03-08	B05	0.17432999999999998
2018-03-08	B06	0.15097
2018-03-08	B07	0.16623
2018-03-08	B08	0.14123
2018-03-08	B8A	0.13519
2018-03-08	B11	0.02267
2018-03-08	B12	0.014845
2018-03-18	B01	0.12743
2018-03-18	B02	0.11736
2018-03-18	B03	0.130765
2018-03-18	B04	0.17243
2018-03-18	B05	0.165545
2018-03-18	B06	0.14656
2018-03-18	B07	0.16935
2018-03-18	B08	0.13763499999999998
2018-03-18	B8A	0.14097
2018-03-18	B11	0.018265
2018-03-18	B12	0.01066499999999999
2018-03-28	B01	0.12888
2018-03-28	B02	0.118905
2018-03-28	B03	0.13265
2018-03-28	B04	0.17293
2018-03-28	B05	0.16792
2018-03-28	B06	0.1445
2018-03-28	B07	0.16357
2018-03-28	B08	0.1326
2018-03-28	B8A	0.1321
2018-03-28	B11	0.016025
2018-03-28	B12	0.009395
2018-04-07	B01	0.137005
2018-04-07	B02	0.12884
2018-04-07	B03	0.144815
2018-04-07	B04	0.183265
2018-04-07	B05	0.177305
2018-04-07	B06	0.15323
2018-04-07	B07	0.1716
2018-04-07	B08	0.140495
2018-04-07	B8A	0.137685
2018-04-07	B11	0.01697
2018-04-07	B12	0.01009
2018-04-12	B01	0.131315
2018-04-12	B02	0.119675
2018-04-12	B03	0.129105
2018-04-12	B04	0.16199000000000002
2018-04-12	B05	0.15569000000000002
2018-04-12	B06	0.12986
2018-04-12	B07	0.147625
2018-04-12	B08	0.11667
2018-04-12	B8A	0.113195
2018-04-12	B11	0.0176
2018-04-12	B12	0.00978
2018-04-17	B01	0.13096
2018-04-17	B02	0.118285
2018-04-17	B03	0.12792
2018-04-17	B04	0.164185
2018-04-17	B05	0.160105
2018-04-17	B06	0.132745
2018-04-17	B07	0.147885
2018-04-17	B08	0.120115
2018-04-17	B8A	0.11562
2018-04-17	B11	0.017385
2018-04-17	B12	0.00982
2018-04-22	B01	0.137195
2018-04-22	B02	0.12630999999999998
2018-04-22	B03	0.138355
2018-04-22	B04	0.18238
2018-04-22	B05	0.17856499999999997
2018-04-22	B06	0.16468
2018-04-22	B07	0.18559
2018-04-22	B08	0.150475
2018-04-22	B8A	0.155775
2018-04-22	B11	0.01845
2018-04-22	B12	0.01038
2018-05-02	B01	0.13531
2018-05-02	B02	0.12247
2018-05-02	B03	0.12934
2018-05-02	B04	0.16146
2018-05-02	B05	0.15841
2018-05-02	B06	0.127685
2018-05-02	B07	0.14168499999999998
2018-05-02	B08	0.11495
2018-05-02	B8A	0.109125
2018-05-02	B11	0.01902
2018-05-02	B12	0.011925
2018-05-07	B01	0.15792
2018-05-07	B02	0.13447
2018-05-07	B03	0.11486
2018-05-07	B04	0.105975
2018-05-07	B05	0.10583
2018-05-07	B06	0.13195
2018-05-07	B07	0.155275
2018-05-07	B08	0.138865
2018-05-07	B8A	0.15406
2018-05-07	B11	0.08425
2018-05-07	B12	0.05671499999999999
2018-05-12	B01	0.132175
2018-05-12	B02	0.119905
2018-05-12	B03	0.128655
2018-05-12	B04	0.166
2018-05-12	B05	0.16738
2018-05-12	B06	0.13626
2018-05-12	B07	0.14826499999999998
2018-05-12	B08	0.12385999999999998
2018-05-12	B8A	0.111365
2018-05-12	B11	0.014085
2018-05-12	B12	0.0079
2018-05-22	B01	0.13033499999999998
2018-05-22	B02	0.11575
2018-05-22	B03	0.116335
2018-05-22	B04	0.14539000000000002
2018-05-22	B05	0.15034
2018-05-22	B06	0.123895
2018-05-22	B07	0.133425
2018-05-22	B08	0.112875
2018-05-22	B8A	0.10108
2018-05-22	B11	0.014205
2018-05-22	B12	0.009165
2018-06-06	B01	0.12318
2018-06-06	B02	0.10017
2018-06-06	B03	0.092215
2018-06-06	B04	0.10495
2018-06-06	B05	0.103285
2018-06-06	B06	0.07418499999999999
2018-06-06	B07	0.07653499999999999
2018-06-06	B08	0.06295
2018-06-06	B8A	0.05544499999999999
2018-06-06	B11	0.014315
2018-06-06	B12	0.00845
2018-06-16	B01	0.12645499999999998
2018-06-16	B02	0.10271
2018-06-16	B03	0.092675
2018-06-16	B04	0.103945
2018-06-16	B05	0.101235
2018-06-16	B06	0.06801
2018-06-16	B07	0.068905
2018-06-16	B08	0.05835
2018-06-16	B8A	0.049565
2018-06-16	B11	0.013775
2018-06-16	B12	0.008385
2018-06-26	B01	0.12424
2018-06-26	B02	0.09848
2018-06-26	B03	0.085835
2018-06-26	B04	0.089155
2018-06-26	B05	0.08609
2018-06-26	B06	0.06003999999999999
2018-06-26	B07	0.063875
2018-06-26	B08	0.05213499999999999
2018-06-26	B8A	0.045885
2018-06-26	B11	0.014085
2018-06-26	B12	0.0079
2018-07-16	B01	0.211865
2018-07-16	B02	0.17349
2018-07-16	B03	0.1522
2018-07-16	B04	0.14787
2018-07-16	B05	0.147545
2018-07-16	B06	0.16783499999999998
2018-07-16	B07	0.1949
2018-07-16	B08	0.16080999999999998
2018-07-16	B8A	0.20334
2018-07-16	B11	0.178055
2018-07-16	B12	0.133995
2018-07-21	B01	0.122995
2018-07-21	B02	0.100085
2018-07-21	B03	0.09187
2018-07-21	B04	0.095395
2018-07-21	B05	0.089705
2018-07-21	B06	0.05782
2018-07-21	B07	0.05744499999999999
2018-07-21	B08	0.04871
2018-07-21	B8A	0.04456
2018-07-21	B11	0.01722
2018-07-21	B12	0.01356
2018-07-31	B01	0.12614
2018-07-31	B02	0.099095
2018-07-31	B03	0.08706
2018-07-31	B04	0.08673
2018-07-31	B05	0.080705
2018-07-31	B06	0.0556
2018-07-31	B07	0.05635499999999999
2018-07-31	B08	0.046775
2018-07-31	B8A	0.044755
2018-07-31	B11	0.021345
2018-07-31	B12	0.01443
2018-08-05	B01	0.119805
2018-08-05	B02	0.094015
2018-08-05	B03	0.08402000000000001
2018-08-05	B04	0.081745
2018-08-05	B05	0.0743
2018-08-05	B06	0.04585
2018-08-05	B07	0.04678
2018-08-05	B08	0.039135
2018-08-05	B8A	0.036185
2018-08-05	B11	0.01525
2018-08-05	B12	0.01016499999999999
2018-08-15	B01	0.12559
2018-08-15	B02	0.099775
2018-08-15	B03	0.08835
2018-08-15	B04	0.08457999999999999
2018-08-15	B05	0.075905
2018-08-15	B06	0.05242
2018-08-15	B07	0.05410499999999999
2018-08-15	B08	0.044395
2018-08-15	B8A	0.04276999999999999
2018-08-15	B11	0.0196
2018-08-15	B12	0.01126
2018-08-25	B01	0.11815
2018-08-25	B02	0.09456
2018-08-25	B03	0.087575
2018-08-25	B04	0.087335
2018-08-25	B05	0.07865
2018-08-25	B06	0.048175
2018-08-25	B07	0.049565
2018-08-25	B08	0.04074499999999999
2018-08-25	B8A	0.036645
2018-08-25	B11	0.01995
2018-08-25	B12	0.013145
2018-08-30	B01	0.163765
2018-08-30	B02	0.133815
2018-08-30	B03	0.11338
2018-08-30	B04	0.100975
2018-08-30	B05	0.09242
2018-08-30	B06	0.08269
2018-08-30	B07	0.085585
2018-08-30	B08	0.0706
2018-08-30	B8A	0.07425
2018-08-30	B11	0.0339
2018-08-30	B12	0.020845
2018-09-04	B01	0.114975
2018-09-04	B02	0.08999499999999999
2018-09-04	B03	0.08265499999999999
2018-09-04	B04	0.076975
2018-09-04	B05	0.06792999999999999
2018-09-04	B06	0.04171
2018-09-04	B07	0.04316
2018-09-04	B08	0.035355
2018-09-04	B8A	0.03293
2018-09-04	B11	0.019175
2018-09-04	B12	0.012385
2018-09-09	B01	0.127195
2018-09-09	B02	0.101405
2018-09-09	B03	0.08916
2018-09-09	B04	0.079145
2018-09-09	B05	0.069715
2018-09-09	B06	0.05125499999999999
2018-09-09	B07	0.052
2018-09-09	B08	0.044325
2018-09-09	B8A	0.043835
2018-09-09	B11	0.02313
2018-09-09	B12	0.015685
2018-09-29	B01	0.135955
2018-09-29	B02	0.11079
2018-09-29	B03	0.099095
2018-09-29	B04	0.08963
2018-09-29	B05	0.081475
2018-09-29	B06	0.06844499999999999
2018-09-29	B07	0.072585
2018-09-29	B08	0.05787
2018-09-29	B8A	0.061765
2018-09-29	B11	0.02504
2018-09-29	B12	0.01535
2018-10-14	B01	0.31705500000000003
2018-10-14	B02	0.290455
2018-10-14	B03	0.27881
2018-10-14	B04	0.279765
2018-10-14	B05	0.29917
2018-10-14	B06	0.365015
2018-10-14	B07	0.402245
2018-10-14	B08	0.380315
2018-10-14	B8A	0.42533
2018-10-14	B11	0.321655
2018-10-14	B12	0.2611
2018-10-24	B01	0.11482
2018-10-24	B02	0.090525
2018-10-24	B03	0.080815
2018-10-24	B04	0.077615
2018-10-24	B05	0.0716
2018-10-24	B06	0.060565
2018-10-24	B07	0.0674
2018-10-24	B08	0.05567999999999999
2018-10-24	B8A	0.05694
2018-10-24	B11	0.029005
2018-10-24	B12	0.01672
2018-10-29	B01	0.11447
2018-10-29	B02	0.08893499999999999
2018-10-29	B03	0.07739
2018-10-29	B04	0.074005
2018-10-29	B05	0.067565
2018-10-29	B06	0.05402
2018-10-29	B07	0.057205
2018-10-29	B08	0.0483
2018-10-29	B8A	0.049045
2018-10-29	B11	0.02572
2018-10-29	B12	0.01817
2018-11-08	B01	0.127905
2018-11-08	B02	0.11121
2018-11-08	B03	0.111185
2018-11-08	B04	0.12645499999999998
2018-11-08	B05	0.118105
2018-11-08	B06	0.09161
2018-11-08	B07	0.100235
2018-11-08	B08	0.07952000000000001
2018-11-08	B8A	0.081625
2018-11-08	B11	0.038115
2018-11-08	B12	0.02827
2018-12-03	B01	0.10969
2018-12-03	B02	0.083975
2018-12-03	B03	0.073585
2018-12-03	B04	0.07486
2018-12-03	B05	0.072875
2018-12-03	B06	0.053275
2018-12-03	B07	0.05963499999999999
2018-12-03	B08	0.048375
2018-12-03	B8A	0.046115
2018-12-03	B11	0.017935
2018-12-03	B12	0.010975
2018-12-08	B01	0.14903
2018-12-08	B02	0.149595
2018-12-08	B03	0.15941
2018-12-08	B04	0.19528
2018-12-08	B05	0.199495
2018-12-08	B06	0.16721
2018-12-08	B07	0.18109
2018-12-08	B08	0.157405
2018-12-08	B8A	0.152355
2018-12-08	B11	0.071675
2018-12-08	B12	0.05825499999999999
2018-12-13	B01	0.13518
2018-12-13	B02	0.12454
2018-12-13	B03	0.132045
2018-12-13	B04	0.161555
2018-12-13	B05	0.155185
2018-12-13	B06	0.133285
2018-12-13	B07	0.152335
2018-12-13	B08	0.12376
2018-12-13	B8A	0.126
2018-12-13	B11	0.04087
2018-12-13	B12	0.026855
2018-12-23	B01	0.120375
2018-12-23	B02	0.101705
2018-12-23	B03	0.10509
2018-12-23	B04	0.12784
2018-12-23	B05	0.126345
2018-12-23	B06	0.093765
2018-12-23	B07	0.10455
2018-12-23	B08	0.08362
2018-12-23	B8A	0.078155
2018-12-23	B11	0.02063
2018-12-23	B12	0.012405
2019-01-02	B01	0.133545
2019-01-02	B02	0.120005
2019-01-02	B03	0.12689
2019-01-02	B04	0.15477
2019-01-02	B05	0.15101499999999998
2019-01-02	B06	0.14060999999999998
2019-01-02	B07	0.16666499999999998
2019-01-02	B08	0.13359
2019-01-02	B8A	0.14267
2019-01-02	B11	0.038215
2019-01-02	B12	0.022995
2019-01-12	B01	0.13862
2019-01-12	B02	0.12293
2019-01-12	B03	0.12545
2019-01-12	B04	0.146665
2019-01-12	B05	0.1422
2019-01-12	B06	0.1316
2019-01-12	B07	0.154555
2019-01-12	B08	0.125155
2019-01-12	B8A	0.12972
2019-01-12	B11	0.03083
2019-01-12	B12	0.01911999999999999
2019-01-17	B01	0.1369
2019-01-17	B02	0.133205
2019-01-17	B03	0.146055
2019-01-17	B04	0.18791
2019-01-17	B05	0.180945
2019-01-17	B06	0.16435
2019-01-17	B07	0.18802
2019-01-17	B08	0.150895
2019-01-17	B8A	0.15611499999999998
2019-01-17	B11	0.0319
2019-01-17	B12	0.02103
2019-01-22	B01	0.138655
2019-01-22	B02	0.12639
2019-01-22	B03	0.13551
2019-01-22	B04	0.168745
2019-01-22	B05	0.1619
2019-01-22	B06	0.150445
2019-01-22	B07	0.173655
2019-01-22	B08	0.14301
2019-01-22	B8A	0.14701499999999998
2019-01-22	B11	0.03182
2019-01-22	B12	0.01920999999999999
2019-02-06	B01	0.131645
2019-02-06	B02	0.12002
2019-02-06	B03	0.130395
2019-02-06	B04	0.16789500000000002
2019-02-06	B05	0.17012
2019-02-06	B06	0.149165
2019-02-06	B07	0.165315
2019-02-06	B08	0.140555
2019-02-06	B8A	0.13465
2019-02-06	B11	0.019205
2019-02-06	B12	0.01100999999999999
2019-02-11	B01	0.14384
2019-02-11	B02	0.13058499999999998
2019-02-11	B03	0.14185
2019-02-11	B04	0.1827
2019-02-11	B05	0.175025
2019-02-11	B06	0.159675
2019-02-11	B07	0.18845
2019-02-11	B08	0.14802
2019-02-11	B8A	0.15634
2019-02-11	B11	0.01961
2019-02-11	B12	0.010405
2019-02-16	B01	0.14540999999999998
2019-02-16	B02	0.14052
2019-02-16	B03	0.159825
2019-02-16	B04	0.20426499999999995
2019-02-16	B05	0.202875
2019-02-16	B06	0.20228
2019-02-16	B07	0.229165
2019-02-16	B08	0.18773
2019-02-16	B8A	0.20686
2019-02-16	B11	0.05307
2019-02-16	B12	0.040505
2019-02-21	B01	0.129425
2019-02-21	B02	0.116455
2019-02-21	B03	0.12653499999999998
2019-02-21	B04	0.160215
2019-02-21	B05	0.160005
2019-02-21	B06	0.139455
2019-02-21	B07	0.15908
2019-02-21	B08	0.13074000000000002
2019-02-21	B8A	0.130205
2019-02-21	B11	0.02061
2019-02-21	B12	0.01201
2019-03-03	B01	0.13722
2019-03-03	B02	0.12467
2019-03-03	B03	0.134
2019-03-03	B04	0.167735
2019-03-03	B05	0.16612000000000002
2019-03-03	B06	0.14963
2019-03-03	B07	0.17002
2019-03-03	B08	0.13946
2019-03-03	B8A	0.14076
2019-03-03	B11	0.026025
2019-03-03	B12	0.015885
2019-03-13	B01	0.125225
2019-03-13	B02	0.113985
2019-03-13	B03	0.125675
2019-03-13	B04	0.16037
2019-03-13	B05	0.156075
2019-03-13	B06	0.12695499999999998
2019-03-13	B07	0.139375
2019-03-13	B08	0.11481
2019-03-13	B8A	0.10698
2019-03-13	B11	0.01647
2019-03-13	B12	0.009095
2019-03-18	B01	0.15556499999999998
2019-03-18	B02	0.144895
2019-03-18	B03	0.159345
2019-03-18	B04	0.20431
2019-03-18	B05	0.206665
2019-03-18	B06	0.19564
2019-03-18	B07	0.22065
2019-03-18	B08	0.186585
2019-03-18	B8A	0.187115
2019-03-18	B11	0.02868999999999999
2019-03-18	B12	0.01832
2019-03-23	B01	0.128805
2019-03-23	B02	0.11783
2019-03-23	B03	0.12907000000000002
2019-03-23	B04	0.167195
2019-03-23	B05	0.167795
2019-03-23	B06	0.14743499999999998
2019-03-23	B07	0.16452
2019-03-23	B08	0.138285
2019-03-23	B8A	0.133525
2019-03-23	B11	0.01731
2019-03-23	B12	0.00892
2019-03-28	B01	0.13483
2019-03-28	B02	0.120815
2019-03-28	B03	0.12929000000000002
2019-03-28	B04	0.165645
2019-03-28	B05	0.16658499999999998
2019-03-28	B06	0.154095
2019-03-28	B07	0.172065
2019-03-28	B08	0.13797
2019-03-28	B8A	0.14318
2019-03-28	B11	0.017035
2019-03-28	B12	0.0102
2019-04-07	B01	0.13098
2019-04-07	B02	0.118995
2019-04-07	B03	0.12828
2019-04-07	B04	0.16817
2019-04-07	B05	0.173675
2019-04-07	B06	0.15346
2019-04-07	B07	0.16917
2019-04-07	B08	0.14468
2019-04-07	B8A	0.13981
2019-04-07	B11	0.021175
2019-04-07	B12	0.012705
2019-04-12	B01	0.12720499999999998
2019-04-12	B02	0.114945
2019-04-12	B03	0.124905
2019-04-12	B04	0.166055
2019-04-12	B05	0.170095
2019-04-12	B06	0.142705
2019-04-12	B07	0.157
2019-04-12	B08	0.13345
2019-04-12	B8A	0.12341
2019-04-12	B11	0.015485
2019-04-12	B12	0.00853
2019-05-02	B01	0.122275
2019-05-02	B02	0.10491499999999998
2019-05-02	B03	0.10652
2019-05-02	B04	0.13627
2019-05-02	B05	0.134345
2019-05-02	B06	0.109175
2019-05-02	B07	0.12223
2019-05-02	B08	0.098825
2019-05-02	B8A	0.09226
2019-05-02	B11	0.01277
2019-05-02	B12	0.006455
2019-05-17	B01	0.12416
2019-05-17	B02	0.09941
2019-05-17	B03	0.08530499999999999
2019-05-17	B04	0.091945
2019-05-17	B05	0.09001
2019-05-17	B06	0.07109
2019-05-17	B07	0.07705
2019-05-17	B08	0.06327
2019-05-17	B8A	0.06025499999999999
2019-05-17	B11	0.01918
2019-05-17	B12	0.01101499999999999
2019-06-06	B01	0.123925
2019-06-06	B02	0.097095
2019-06-06	B03	0.07966000000000001
2019-06-06	B04	0.08269
2019-06-06	B05	0.08235
2019-06-06	B06	0.06368499999999999
2019-06-06	B07	0.066745
2019-06-06	B08	0.05531499999999999
2019-06-06	B8A	0.05156
2019-06-06	B11	0.017855
2019-06-06	B12	0.01178499999999999
2019-06-11	B01	0.266525
2019-06-11	B02	0.22098500000000004
2019-06-11	B03	0.1872
2019-06-11	B04	0.17376499999999998
2019-06-11	B05	0.174495
2019-06-11	B06	0.201445
2019-06-11	B07	0.22816
2019-06-11	B08	0.20964500000000005
2019-06-11	B8A	0.23521
2019-06-11	B11	0.150755
2019-06-11	B12	0.10906499999999998
2019-06-21	B01	0.136015
2019-06-21	B02	0.106905
2019-06-21	B03	0.08595
2019-06-21	B04	0.082645
2019-06-21	B05	0.08033499999999999
2019-06-21	B06	0.06939
2019-06-21	B07	0.0753
2019-06-21	B08	0.06286
2019-06-21	B8A	0.06384
2019-06-21	B11	0.029125
2019-06-21	B12	0.017665
2019-06-26	B01	0.12145
2019-06-26	B02	0.095965
2019-06-26	B03	0.08017
2019-06-26	B04	0.08687
2019-06-26	B05	0.088295
2019-06-26	B06	0.06525
2019-06-26	B07	0.067045
2019-06-26	B08	0.05908499999999999
2019-06-26	B8A	0.049955
2019-06-26	B11	0.01534
2019-06-26	B12	0.01036
2019-07-06	B01	0.121925
2019-07-06	B02	0.09388
2019-07-06	B03	0.07603499999999999
2019-07-06	B04	0.07981
2019-07-06	B05	0.07893499999999999
2019-07-06	B06	0.05729
2019-07-06	B07	0.058875
2019-07-06	B08	0.04941
2019-07-06	B8A	0.042265
2019-07-06	B11	0.014535
2019-07-06	B12	0.00919
2019-07-16	B01	0.13915999999999998
2019-07-16	B02	0.108595
2019-07-16	B03	0.09159
2019-07-16	B04	0.09331
2019-07-16	B05	0.094625
2019-07-16	B06	0.07916000000000001
2019-07-16	B07	0.084065
2019-07-16	B08	0.07048
2019-07-16	B8A	0.07249499999999999
2019-07-16	B11	0.03678999999999999
2019-07-16	B12	0.026075
2019-07-21	B01	0.13667
2019-07-21	B02	0.107935
2019-07-21	B03	0.092095
2019-07-21	B04	0.09287
2019-07-21	B05	0.088235
2019-07-21	B06	0.07163499999999999
2019-07-21	B07	0.07883
2019-07-21	B08	0.06197
2019-07-21	B8A	0.062575
2019-07-21	B11	0.02433
2019-07-21	B12	0.01470999999999999
2019-07-31	B01	0.1237
2019-07-31	B02	0.09712
2019-07-31	B03	0.08115499999999999
2019-07-31	B04	0.08171
2019-07-31	B05	0.077805
2019-07-31	B06	0.05647
2019-07-31	B07	0.06023
2019-07-31	B08	0.04804
2019-07-31	B8A	0.045825
2019-07-31	B11	0.01563
2019-07-31	B12	0.00828
2019-08-05	B01	0.12246
2019-08-05	B02	0.09564
2019-08-05	B03	0.08083499999999999
2019-08-05	B04	0.082825
2019-08-05	B05	0.08223499999999999
2019-08-05	B06	0.05767999999999999
2019-08-05	B07	0.05880499999999999
2019-08-05	B08	0.04979
2019-08-05	B8A	0.042625
2019-08-05	B11	0.01619
2019-08-05	B12	0.01123
2019-08-10	B01	0.143885
2019-08-10	B02	0.125025
2019-08-10	B03	0.11386
2019-08-10	B04	0.12079
2019-08-10	B05	0.123465
2019-08-10	B06	0.11202
2019-08-10	B07	0.118135
2019-08-10	B08	0.116085
2019-08-10	B8A	0.103555
2019-08-10	B11	0.08309
2019-08-10	B12	0.05965499999999999
2019-08-15	B01	0.15632
2019-08-15	B02	0.12747999999999998
2019-08-15	B03	0.109145
2019-08-15	B04	0.10641499999999998
2019-08-15	B05	0.10619
2019-08-15	B06	0.093755
2019-08-15	B07	0.09739
2019-08-15	B08	0.084145
2019-08-15	B8A	0.08422
2019-08-15	B11	0.038095
2019-08-15	B12	0.025985
2019-08-20	B01	0.128295
2019-08-20	B02	0.10106
2019-08-20	B03	0.090625
2019-08-20	B04	0.0934
2019-08-20	B05	0.092805
2019-08-20	B06	0.07071000000000001
2019-08-20	B07	0.07472999999999999
2019-08-20	B08	0.06124499999999999
2019-08-20	B8A	0.05942000000000001
2019-08-20	B11	0.032335
2019-08-20	B12	0.022385
2019-08-25	B01	0.17671499999999998
2019-08-25	B02	0.14618
2019-08-25	B03	0.12521
2019-08-25	B04	0.117525
2019-08-25	B05	0.115025
2019-08-25	B06	0.11011
2019-08-25	B07	0.11604
2019-08-25	B08	0.096165
2019-08-25	B8A	0.1025
2019-08-25	B11	0.03988
2019-08-25	B12	0.02337
2019-08-30	B01	0.153455
2019-08-30	B02	0.125215
2019-08-30	B03	0.10996
2019-08-30	B04	0.10767
2019-08-30	B05	0.102315
2019-08-30	B06	0.088085
2019-08-30	B07	0.09629
2019-08-30	B08	0.077865
2019-08-30	B8A	0.07929
2019-08-30	B11	0.033475
2019-08-30	B12	0.01871
2019-09-04	B01	0.13482
2019-09-04	B02	0.109865
2019-09-04	B03	0.09735
2019-09-04	B04	0.094395
2019-09-04	B05	0.092145
2019-09-04	B06	0.070815
2019-09-04	B07	0.072675
2019-09-04	B08	0.06147999999999999
2019-09-04	B8A	0.05817999999999999
2019-09-04	B11	0.025745
2019-09-04	B12	0.01634
2019-09-14	B01	0.16532
2019-09-14	B02	0.118895
2019-09-14	B03	0.107495
2019-09-14	B04	0.099415
2019-09-14	B05	0.106025
2019-09-14	B06	0.12892
2019-09-14	B07	0.149445
2019-09-14	B08	0.11062
2019-09-14	B8A	0.15986
2019-09-14	B11	0.08446000000000001
2019-09-14	B12	0.06937
2019-09-29	B01	0.13280999999999998
2019-09-29	B02	0.10686
2019-09-29	B03	0.09857
2019-09-29	B04	0.089715
2019-09-29	B05	0.084085
2019-09-29	B06	0.06547
2019-09-29	B07	0.069355
2019-09-29	B08	0.056225
2019-09-29	B8A	0.05785
2019-09-29	B11	0.02971
2019-09-29	B12	0.02017
2019-10-09	B01	0.125715
2019-10-09	B02	0.10731499999999998
2019-10-09	B03	0.10491
2019-10-09	B04	0.10013
2019-10-09	B05	0.09141
2019-10-09	B06	0.06762
2019-10-09	B07	0.07264499999999999
2019-10-09	B08	0.05829499999999999
2019-10-09	B8A	0.060305
2019-10-09	B11	0.03573
2019-10-09	B12	0.02634
2019-10-24	B01	0.14404
2019-10-24	B02	0.13777
2019-10-24	B03	0.13827
2019-10-24	B04	0.1395
2019-10-24	B05	0.13043
2019-10-24	B06	0.1066
2019-10-24	B07	0.11331
2019-10-24	B08	0.09708
2019-10-24	B8A	0.10392
2019-10-24	B11	0.07168499999999998
2019-10-24	B12	0.05770499999999999
2019-10-29	B01	0.13606
2019-10-29	B02	0.112705
2019-10-29	B03	0.107235
2019-10-29	B04	0.099545
2019-10-29	B05	0.09015
2019-10-29	B06	0.07042999999999999
2019-10-29	B07	0.07658499999999999
2019-10-29	B08	0.059515
2019-10-29	B8A	0.06016499999999999
2019-10-29	B11	0.026395
2019-10-29	B12	0.015535
2019-11-08	B01	0.36408
2019-11-08	B02	0.33912
2019-11-08	B03	0.32545
2019-11-08	B04	0.32878
2019-11-08	B05	0.34389000000000003
2019-11-08	B06	0.39932
2019-11-08	B07	0.42938
2019-11-08	B08	0.40883500000000006
2019-11-08	B8A	0.44365
2019-11-08	B11	0.33270500000000003
2019-11-08	B12	0.25538500000000003
2019-11-18	B01	0.12331499999999998
2019-11-18	B02	0.101135
2019-11-18	B03	0.09546
2019-11-18	B04	0.091305
2019-11-18	B05	0.08624
2019-11-18	B06	0.068895
2019-11-18	B07	0.07443999999999999
2019-11-18	B08	0.06143
2019-11-18	B8A	0.064245
2019-11-18	B11	0.032265
2019-11-18	B12	0.021215
2019-11-28	B01	0.1488
2019-11-28	B02	0.14707
2019-11-28	B03	0.151915
2019-11-28	B04	0.15791
2019-11-28	B05	0.15053
2019-11-28	B06	0.122445
2019-11-28	B07	0.12882000000000002
2019-11-28	B08	0.11112
2019-11-28	B8A	0.115025
2019-11-28	B11	0.08019
2019-11-28	B12	0.063805
2019-12-03	B01	0.12856499999999998
2019-12-03	B02	0.1128
2019-12-03	B03	0.106185
2019-12-03	B04	0.11251
2019-12-03	B05	0.114135
2019-12-03	B06	0.100755
2019-12-03	B07	0.109675
2019-12-03	B08	0.09468
2019-12-03	B8A	0.089345
2019-12-03	B11	0.031065
2019-12-03	B12	0.0214
2019-12-08	B01	0.16141499999999998
2019-12-08	B02	0.160435
2019-12-08	B03	0.161065
2019-12-08	B04	0.171615
2019-12-08	B05	0.1711
2019-12-08	B06	0.16496
2019-12-08	B07	0.17941
2019-12-08	B08	0.15629500000000002
2019-12-08	B8A	0.169905
2019-12-08	B11	0.11631
2019-12-08	B12	0.08835
2019-12-13	B01	0.13723
2019-12-13	B02	0.1196
2019-12-13	B03	0.118885
2019-12-13	B04	0.12784
2019-12-13	B05	0.12525999999999998
2019-12-13	B06	0.105645
2019-12-13	B07	0.11735
2019-12-13	B08	0.09455
2019-12-13	B8A	0.09607
2019-12-13	B11	0.0424
2019-12-13	B12	0.028895
2019-12-18	B01	0.12831499999999998
2019-12-18	B02	0.116825
2019-12-18	B03	0.128625
2019-12-18	B04	0.15598499999999998
2019-12-18	B05	0.15398499999999998
2019-12-18	B06	0.11776
2019-12-18	B07	0.1306
2019-12-18	B08	0.106625
2019-12-18	B8A	0.096355
2019-12-18	B11	0.020795
2019-12-18	B12	0.01298
2019-12-23	B01	0.12853
2019-12-23	B02	0.116315
2019-12-23	B03	0.12880999999999998
2019-12-23	B04	0.159895
2019-12-23	B05	0.162175
2019-12-23	B06	0.12364
2019-12-23	B07	0.13608499999999998
2019-12-23	B08	0.11196499999999998
2019-12-23	B8A	0.09903499999999998
2019-12-23	B11	0.021255
2019-12-23	B12	0.014065
2019-12-28	B01	0.1374
2019-12-28	B02	0.13108499999999998
2019-12-28	B03	0.14171
2019-12-28	B04	0.17054
2019-12-28	B05	0.16066
2019-12-28	B06	0.131225
2019-12-28	B07	0.15088
2019-12-28	B08	0.117705
2019-12-28	B8A	0.119305
2019-12-28	B11	0.043675
2019-12-28	B12	0.029425
2020-01-02	B01	0.13357
2020-01-02	B02	0.11785
2020-01-02	B03	0.12351
2020-01-02	B04	0.14471499999999998
2020-01-02	B05	0.1395
2020-01-02	B06	0.111785
2020-01-02	B07	0.12448
2020-01-02	B08	0.098785
2020-01-02	B8A	0.09812
2020-01-02	B11	0.033025
2020-01-02	B12	0.02284
2020-01-07	B01	0.13755
2020-01-07	B02	0.13239
2020-01-07	B03	0.135575
2020-01-07	B04	0.15216
2020-01-07	B05	0.149195
2020-01-07	B06	0.125495
2020-01-07	B07	0.13824
2020-01-07	B08	0.117025
2020-01-07	B8A	0.1187
2020-01-07	B11	0.067935
2020-01-07	B12	0.0511
2020-01-12	B01	0.18912
2020-01-12	B02	0.17542
2020-01-12	B03	0.17739000000000002
2020-01-12	B04	0.18484
2020-01-12	B05	0.194665
2020-01-12	B06	0.25195500000000004
2020-01-12	B07	0.298615
2020-01-12	B08	0.27193
2020-01-12	B8A	0.30158500000000005
2020-01-12	B11	0.181915
2020-01-12	B12	0.11439
2020-01-17	B01	0.15347
2020-01-17	B02	0.15014
2020-01-17	B03	0.165675
2020-01-17	B04	0.20155
2020-01-17	B05	0.19991
2020-01-17	B06	0.17655
2020-01-17	B07	0.199625
2020-01-17	B08	0.17553
2020-01-17	B8A	0.168425
2020-01-17	B11	0.07367
2020-01-17	B12	0.051135
2020-02-01	B01	0.308975
2020-02-01	B02	0.178385
2020-02-01	B03	0.20101
2020-02-01	B04	0.227025
2020-02-01	B05	0.26958000000000004
2020-02-01	B06	0.37464
2020-02-01	B07	0.4326
2020-02-01	B08	0.30346
2020-02-01	B8A	0.46195
2020-02-01	B11	0.30714
2020-02-01	B12	0.27466
2020-02-06	B01	0.209525
2020-02-06	B02	0.17088
2020-02-06	B03	0.17843
2020-02-06	B04	0.19359
2020-02-06	B05	0.19822
2020-02-06	B06	0.24509500000000004
2020-02-06	B07	0.291815
2020-02-06	B08	0.23125
2020-02-06	B8A	0.29799000000000003
2020-02-06	B11	0.15721
2020-02-06	B12	0.116435
2020-02-11	B01	0.133195
2020-02-11	B02	0.12487
2020-02-11	B03	0.139175
2020-02-11	B04	0.17781499999999997
2020-02-11	B05	0.18071
2020-02-11	B06	0.15953
2020-02-11	B07	0.17795999999999998
2020-02-11	B08	0.150685
2020-02-11	B8A	0.147785
2020-02-11	B11	0.024215
2020-02-11	B12	0.014795
2020-02-16	B01	0.140595
2020-02-16	B02	0.1372
2020-02-16	B03	0.14797000000000002
2020-02-16	B04	0.18017
2020-02-16	B05	0.171225
2020-02-16	B06	0.16932
2020-02-16	B07	0.19827
2020-02-16	B08	0.172225
2020-02-16	B8A	0.172735
2020-02-16	B11	0.035115
2020-02-16	B12	0.016905
2020-02-26	B01	0.13033
2020-02-26	B02	0.122515
2020-02-26	B03	0.13930499999999998
2020-02-26	B04	0.18684
2020-02-26	B05	0.19376
2020-02-26	B06	0.178235
2020-02-26	B07	0.194805
2020-02-26	B08	0.171895
2020-02-26	B8A	0.166995
2020-02-26	B11	0.02009
2020-02-26	B12	0.01188
2020-03-02	B01	0.133695
2020-03-02	B02	0.126645
2020-03-02	B03	0.14325
2020-03-02	B04	0.18945
2020-03-02	B05	0.197305
2020-03-02	B06	0.182115
2020-03-02	B07	0.199775
2020-03-02	B08	0.172365
2020-03-02	B8A	0.16880499999999998
2020-03-02	B11	0.020085
2020-03-02	B12	0.01276499999999999
2020-03-07	B01	0.14831
2020-03-07	B02	0.13515
2020-03-07	B03	0.14352
2020-03-07	B04	0.1778
2020-03-07	B05	0.18019
2020-03-07	B06	0.174905
2020-03-07	B07	0.19609
2020-03-07	B08	0.16872
2020-03-07	B8A	0.16957
2020-03-07	B11	0.024225
2020-03-07	B12	0.01365
2020-03-12	B01	0.15929
2020-03-12	B02	0.14426499999999998
2020-03-12	B03	0.14766
2020-03-12	B04	0.176905
2020-03-12	B05	0.179225
2020-03-12	B06	0.182125
2020-03-12	B07	0.20531
2020-03-12	B08	0.174115
2020-03-12	B8A	0.180315
2020-03-12	B11	0.03241
2020-03-12	B12	0.01831
2020-03-17	B01	0.15315
2020-03-17	B02	0.137685
2020-03-17	B03	0.14399
2020-03-17	B04	0.1739
2020-03-17	B05	0.170425
2020-03-17	B06	0.167175
2020-03-17	B07	0.19216
2020-03-17	B08	0.157155
2020-03-17	B8A	0.16714
2020-03-17	B11	0.028135
2020-03-17	B12	0.015505
2020-03-22	B01	0.132945
2020-03-22	B02	0.12539
2020-03-22	B03	0.14107
2020-03-22	B04	0.1823
2020-03-22	B05	0.18636
2020-03-22	B06	0.15514
2020-03-22	B07	0.17027
2020-03-22	B08	0.144955
2020-03-22	B8A	0.133295
2020-03-22	B11	0.01946999999999999
2020-03-22	B12	0.012065
2020-04-06	B01	0.14194500000000002
2020-04-06	B02	0.13397
2020-04-06	B03	0.14853
2020-04-06	B04	0.19061
2020-04-06	B05	0.186025
2020-04-06	B06	0.17665
2020-04-06	B07	0.20046
2020-04-06	B08	0.167005
2020-04-06	B8A	0.1741
2020-04-06	B11	0.02187
2020-04-06	B12	0.012595
2020-04-11	B01	0.13764
2020-04-11	B02	0.132125
2020-04-11	B03	0.149525
2020-04-11	B04	0.19785
2020-04-11	B05	0.20623
2020-04-11	B06	0.193625
2020-04-11	B07	0.20879
2020-04-11	B08	0.18649
2020-04-11	B8A	0.18128
2020-04-11	B11	0.02236999999999999
2020-04-11	B12	0.014255
2020-04-16	B01	0.13714500000000002
2020-04-16	B02	0.131475
2020-04-16	B03	0.14925
2020-04-16	B04	0.19956
2020-04-16	B05	0.202205
2020-04-16	B06	0.18771
2020-04-16	B07	0.20424
2020-04-16	B08	0.17865
2020-04-16	B8A	0.1772
2020-04-16	B11	0.021935
2020-04-16	B12	0.01270999999999999
2020-04-21	B01	0.144915
2020-04-21	B02	0.13574
2020-04-21	B03	0.14681499999999997
2020-04-21	B04	0.188015
2020-04-21	B05	0.190855
2020-04-21	B06	0.174315
2020-04-21	B07	0.191625
2020-04-21	B08	0.163895
2020-04-21	B8A	0.159525
2020-04-21	B11	0.023645
2020-04-21	B12	0.01431
2020-05-06	B01	0.132875
2020-05-06	B02	0.12267
2020-05-06	B03	0.13111499999999998
2020-05-06	B04	0.163925
2020-05-06	B05	0.16549
2020-05-06	B06	0.133995
2020-05-06	B07	0.14392
2020-05-06	B08	0.12147
2020-05-06	B8A	0.111115
2020-05-06	B11	0.01902
2020-05-06	B12	0.01208
2020-05-11	B01	0.14639000000000002
2020-05-11	B02	0.13474
2020-05-11	B03	0.142875
2020-05-11	B04	0.17678
2020-05-11	B05	0.16708
2020-05-11	B06	0.142335
2020-05-11	B07	0.15737
2020-05-11	B08	0.126715
2020-05-11	B8A	0.12746
2020-05-11	B11	0.02375
2020-05-11	B12	0.013545
2020-05-16	B01	0.135295
2020-05-16	B02	0.125805
2020-05-16	B03	0.135475
2020-05-16	B04	0.171725
2020-05-16	B05	0.16896499999999998
2020-05-16	B06	0.13525
2020-05-16	B07	0.14447000000000002
2020-05-16	B08	0.11979
2020-05-16	B8A	0.110495
2020-05-16	B11	0.020745
2020-05-16	B12	0.01305
2020-05-26	B01	0.132965
2020-05-26	B02	0.1214
2020-05-26	B03	0.12965
2020-05-26	B04	0.160635
2020-05-26	B05	0.157345
2020-05-26	B06	0.11791
2020-05-26	B07	0.12291499999999998
2020-05-26	B08	0.103035
2020-05-26	B8A	0.08945499999999999
2020-05-26	B11	0.01769
2020-05-26	B12	0.01025
2020-06-10	B01	0.15546
2020-06-10	B02	0.134875
2020-06-10	B03	0.12955999999999998
2020-06-10	B04	0.14234000000000002
2020-06-10	B05	0.12915
2020-06-10	B06	0.090045
2020-06-10	B07	0.095935
2020-06-10	B08	0.075915
2020-06-10	B8A	0.073345
2020-06-10	B11	0.023615
2020-06-10	B12	0.013985
2020-06-15	B01	0.14612999999999998
2020-06-15	B02	0.12472
2020-06-15	B03	0.12083
2020-06-15	B04	0.133185
2020-06-15	B05	0.1201
2020-06-15	B06	0.088
2020-06-15	B07	0.09746
2020-06-15	B08	0.07335
2020-06-15	B8A	0.072805
2020-06-15	B11	0.021715
2020-06-15	B12	0.011925
2020-06-20	B01	0.14038499999999998
2020-06-20	B02	0.12089
2020-06-20	B03	0.11667
2020-06-20	B04	0.1292
2020-06-20	B05	0.117695
2020-06-20	B06	0.083795
2020-06-20	B07	0.08867
2020-06-20	B08	0.06970499999999999
2020-06-20	B8A	0.06719499999999999
2020-06-20	B11	0.022005
2020-06-20	B12	0.01312
2020-06-30	B01	0.177065
2020-06-30	B02	0.15161
2020-06-30	B03	0.13849
2020-06-30	B04	0.146725
2020-06-30	B05	0.136985
2020-06-30	B06	0.10533
2020-06-30	B07	0.1094
2020-06-30	B08	0.090895
2020-06-30	B8A	0.08861000000000001
2020-06-30	B11	0.03465
2020-06-30	B12	0.02235999999999999
2020-08-09	B01	0.15553499999999998
2020-08-09	B02	0.129895
2020-08-09	B03	0.117375
2020-08-09	B04	0.11187
2020-08-09	B05	0.102405
2020-08-09	B06	0.07864499999999999
2020-08-09	B07	0.080345
2020-08-09	B08	0.06792000000000001
2020-08-09	B8A	0.065725
2020-08-09	B11	0.030875
2020-08-09	B12	0.02
2020-08-19	B01	0.153585
2020-08-19	B02	0.130485
2020-08-19	B03	0.1204
2020-08-19	B04	0.11741
2020-08-19	B05	0.11103
2020-08-19	B06	0.085425
2020-08-19	B07	0.08863499999999999
2020-08-19	B08	0.075445
2020-08-19	B8A	0.073425
2020-08-19	B11	0.03468
2020-08-19	B12	0.02418
2020-08-24	B01	0.14271
2020-08-24	B02	0.12091
2020-08-24	B03	0.1153
2020-08-24	B04	0.11128
2020-08-24	B05	0.09826
2020-08-24	B06	0.06892999999999999
2020-08-24	B07	0.07318499999999999
2020-08-24	B08	0.05825499999999999
2020-08-24	B8A	0.05963499999999999
2020-08-24	B11	0.029545
2020-08-24	B12	0.01907
2020-08-29	B01	0.277735
2020-08-29	B02	0.24118
2020-08-29	B03	0.21687
2020-08-29	B04	0.213605
2020-08-29	B05	0.21643
2020-08-29	B06	0.244675
2020-08-29	B07	0.27212
2020-08-29	B08	0.237785
2020-08-29	B8A	0.28958500000000004
2020-08-29	B11	0.24762
2020-08-29	B12	0.180585
2020-09-08	B01	0.146535
2020-09-08	B02	0.12536
2020-09-08	B03	0.122645
2020-09-08	B04	0.129075
2020-09-08	B05	0.121255
2020-09-08	B06	0.085645
2020-09-08	B07	0.088505
2020-09-08	B08	0.0744
2020-09-08	B8A	0.071465
2020-09-08	B11	0.041685
2020-09-08	B12	0.031415
2020-09-13	B01	0.24207
2020-09-13	B02	0.21618500000000004
2020-09-13	B03	0.189155
2020-09-13	B04	0.177275
2020-09-13	B05	0.168525
2020-09-13	B06	0.17651499999999998
2020-09-13	B07	0.192535
2020-09-13	B08	0.169285
2020-09-13	B8A	0.183725
2020-09-13	B11	0.090605
2020-09-13	B12	0.04786999999999999
2020-09-18	B01	0.13000499999999998
2020-09-18	B02	0.10919
2020-09-18	B03	0.103
2020-09-18	B04	0.09235
2020-09-18	B05	0.080465
2020-09-18	B06	0.052175
2020-09-18	B07	0.05359499999999999
2020-09-18	B08	0.04453999999999999
2020-09-18	B8A	0.04287
2020-09-18	B11	0.025155
2020-09-18	B12	0.017785
2020-09-23	B01	0.138405
2020-09-23	B02	0.11772
2020-09-23	B03	0.11284
2020-09-23	B04	0.10304
2020-09-23	B05	0.09068
2020-09-23	B06	0.06577000000000001
2020-09-23	B07	0.06877
2020-09-23	B08	0.05529
2020-09-23	B8A	0.05701499999999999
2020-09-23	B11	0.03305
2020-09-23	B12	0.02236999999999999
2020-09-28	B01	0.13093
2020-09-28	B02	0.11448
2020-09-28	B03	0.116105
2020-09-28	B04	0.114295
2020-09-28	B05	0.10368
2020-09-28	B06	0.0664
2020-09-28	B07	0.067315
2020-09-28	B08	0.05721499999999999
2020-09-28	B8A	0.05223999999999999
2020-09-28	B11	0.031545
2020-09-28	B12	0.02403
2020-10-08	B01	0.14882
2020-10-08	B02	0.126985
2020-10-08	B03	0.1186
2020-10-08	B04	0.108055
2020-10-08	B05	0.09671
2020-10-08	B06	0.08012999999999999
2020-10-08	B07	0.08426499999999999
2020-10-08	B08	0.07115
2020-10-08	B8A	0.07374499999999999
2020-10-08	B11	0.04414
2020-10-08	B12	0.029305
2020-10-13	B01	0.16677999999999998
2020-10-13	B02	0.14132999999999998
2020-10-13	B03	0.128545
2020-10-13	B04	0.113755
2020-10-13	B05	0.10624
2020-10-13	B06	0.097015
2020-10-13	B07	0.102115
2020-10-13	B08	0.08651
2020-10-13	B8A	0.092435
2020-10-13	B11	0.05168499999999999
2020-10-13	B12	0.033635
2020-10-18	B01	0.14315
2020-10-18	B02	0.122675
2020-10-18	B03	0.116275
2020-10-18	B04	0.100835
2020-10-18	B05	0.088975
2020-10-18	B06	0.074345
2020-10-18	B07	0.07965
2020-10-18	B08	0.06443499999999999
2020-10-18	B8A	0.069505
2020-10-18	B11	0.04452
2020-10-18	B12	0.03076
2020-10-23	B01	0.13796499999999998
2020-10-23	B02	0.114945
2020-10-23	B03	0.1095
2020-10-23	B04	0.09031
2020-10-23	B05	0.07873
2020-10-23	B06	0.063325
2020-10-23	B07	0.06942000000000001
2020-10-23	B08	0.05409
2020-10-23	B8A	0.06257
2020-10-23	B11	0.040525
2020-10-23	B12	0.026115
2020-11-02	B01	0.134255
2020-11-02	B02	0.11769
2020-11-02	B03	0.118695
2020-11-02	B04	0.101635
2020-11-02	B05	0.0931
2020-11-02	B06	0.07159
2020-11-02	B07	0.075445
2020-11-02	B08	0.06156
2020-11-02	B8A	0.06706000000000001
2020-11-02	B11	0.05214
2020-11-02	B12	0.041675
2020-11-07	B01	0.149975
2020-11-07	B02	0.12989
2020-11-07	B03	0.12383
2020-11-07	B04	0.106215
2020-11-07	B05	0.104025
2020-11-07	B06	0.095355
2020-11-07	B07	0.099995
2020-11-07	B08	0.084065
2020-11-07	B8A	0.094295
2020-11-07	B11	0.067
2020-11-07	B12	0.050475
2020-11-12	B01	0.124
2020-11-12	B02	0.102195
2020-11-12	B03	0.09959
2020-11-12	B04	0.07869
2020-11-12	B05	0.06976
2020-11-12	B06	0.048095
2020-11-12	B07	0.051555
2020-11-12	B08	0.04108
2020-11-12	B8A	0.04351
2020-11-12	B11	0.025715
2020-11-12	B12	0.016775
2020-11-17	B01	0.13535999999999998
2020-11-17	B02	0.11294
2020-11-17	B03	0.11328
2020-11-17	B04	0.10085
2020-11-17	B05	0.09264
2020-11-17	B06	0.065995
2020-11-17	B07	0.07044
2020-11-17	B08	0.054675
2020-11-17	B8A	0.05935
2020-11-17	B11	0.04381500000000001
2020-11-17	B12	0.03551
2020-11-22	B01	0.13521499999999995
2020-11-22	B02	0.11527
2020-11-22	B03	0.117175
2020-11-22	B04	0.109175
2020-11-22	B05	0.10016
2020-11-22	B06	0.070155
2020-11-22	B07	0.07455
2020-11-22	B08	0.05929499999999999
2020-11-22	B8A	0.06572
2020-11-22	B11	0.045185
2020-11-22	B12	0.0341
2020-11-27	B01	0.17488499999999998
2020-11-27	B02	0.161175
2020-11-27	B03	0.16072
2020-11-27	B04	0.157845
2020-11-27	B05	0.14357
2020-11-27	B06	0.114285
2020-11-27	B07	0.124345
2020-11-27	B08	0.10051
2020-11-27	B8A	0.105035
2020-11-27	B11	0.06343
2020-11-27	B12	0.04452
2020-12-02	B01	0.15211
2020-12-02	B02	0.14388
2020-12-02	B03	0.14378
2020-12-02	B04	0.14415
2020-12-02	B05	0.13309000000000001
2020-12-02	B06	0.1128
2020-12-02	B07	0.12702
2020-12-02	B08	0.102485
2020-12-02	B8A	0.107955
2020-12-02	B11	0.05887
2020-12-02	B12	0.040165
2020-12-07	B01	0.13084
2020-12-07	B02	0.11093
2020-12-07	B03	0.104355
2020-12-07	B04	0.10641
2020-12-07	B05	0.105255
2020-12-07	B06	0.08556
2020-12-07	B07	0.090345
2020-12-07	B08	0.07708499999999999
2020-12-07	B8A	0.07693499999999999
2020-12-07	B11	0.04706
2020-12-07	B12	0.037145
2020-12-17	B01	0.122585
2020-12-17	B02	0.10052
2020-12-17	B03	0.100035
2020-12-17	B04	0.108905
2020-12-17	B05	0.10441
2020-12-17	B06	0.073345
2020-12-17	B07	0.0805
2020-12-17	B08	0.063315
2020-12-17	B8A	0.05950499999999999
2020-12-17	B11	0.02471
2020-12-17	B12	0.01619
2020-12-22	B01	0.14338499999999998
2020-12-22	B02	0.13764500000000002
2020-12-22	B03	0.1376
2020-12-22	B04	0.15350999999999998
2020-12-22	B05	0.151625
2020-12-22	B06	0.12531499999999998
2020-12-22	B07	0.13402
2020-12-22	B08	0.11569000000000002
2020-12-22	B8A	0.11869
2020-12-22	B11	0.081205
2020-12-22	B12	0.064315
2020-12-27	B01	0.127715
2020-12-27	B02	0.10489
2020-12-27	B03	0.095175
2020-12-27	B04	0.09946
2020-12-27	B05	0.09434
2020-12-27	B06	0.07631
2020-12-27	B07	0.08426499999999999
2020-12-27	B08	0.068325
2020-12-27	B8A	0.07295499999999999
2020-12-27	B11	0.041885
2020-12-27	B12	0.028105
2021-01-01	B01	0.125305
2021-01-01	B02	0.10756
2021-01-01	B03	0.099805
2021-01-01	B04	0.104395
2021-01-01	B05	0.102175
2021-01-01	B06	0.0826
2021-01-01	B07	0.09082
2021-01-01	B08	0.07546
2021-01-01	B8A	0.07743499999999999
2021-01-01	B11	0.05147
2021-01-01	B12	0.038775
2021-01-06	B01	0.126875
2021-01-06	B02	0.098555
2021-01-06	B03	0.08897999999999999
2021-01-06	B04	0.086545
2021-01-06	B05	0.08075
2021-01-06	B06	0.06713
2021-01-06	B07	0.074095
2021-01-06	B08	0.05780499999999999
2021-01-06	B8A	0.06354499999999999
2021-01-06	B11	0.03586
2021-01-06	B12	0.02286
2021-01-11	B01	0.143345
2021-01-11	B02	0.143455
2021-01-11	B03	0.15698
2021-01-11	B04	0.19854
2021-01-11	B05	0.188915
2021-01-11	B06	0.15857000000000002
2021-01-11	B07	0.18008
2021-01-11	B08	0.14612999999999998
2021-01-11	B8A	0.14862
2021-01-11	B11	0.06205499999999999
2021-01-11	B12	0.044535
2021-01-21	B01	0.16162
2021-01-21	B02	0.147155
2021-01-21	B03	0.154695
2021-01-21	B04	0.187505
2021-01-21	B05	0.185805
2021-01-21	B06	0.186915
2021-01-21	B07	0.21368500000000004
2021-01-21	B08	0.17837999999999998
2021-01-21	B8A	0.189925
2021-01-21	B11	0.030125
2021-01-21	B12	0.01521
2021-02-05	B01	0.13569
2021-02-05	B02	0.1281
2021-02-05	B03	0.14618499999999998
2021-02-05	B04	0.18969
2021-02-05	B05	0.19394
2021-02-05	B06	0.17551499999999998
2021-02-05	B07	0.19223
2021-02-05	B08	0.165065
2021-02-05	B8A	0.161675
2021-02-05	B11	0.024755
2021-02-05	B12	0.01664
2021-02-15	B01	0.13082
2021-02-15	B02	0.12005
2021-02-15	B03	0.13034
2021-02-15	B04	0.164375
2021-02-15	B05	0.16296
2021-02-15	B06	0.13757
2021-02-15	B07	0.153885
2021-02-15	B08	0.12508
2021-02-15	B8A	0.12349
2021-02-15	B11	0.02588999999999999
2021-02-15	B12	0.017605
2021-02-25	B01	0.13739500000000002
2021-02-25	B02	0.12745499999999998
2021-02-25	B03	0.143125
2021-02-25	B04	0.186585
2021-02-25	B05	0.18713
2021-02-25	B06	0.173005
2021-02-25	B07	0.193445
2021-02-25	B08	0.16234
2021-02-25	B8A	0.164745
2021-02-25	B11	0.02248
2021-02-25	B12	0.014765
2021-03-02	B01	0.14745
2021-03-02	B02	0.136295
2021-03-02	B03	0.15041
2021-03-02	B04	0.193435
2021-03-02	B05	0.190805
2021-03-02	B06	0.183705
2021-03-02	B07	0.213025
2021-03-02	B08	0.178945
2021-03-02	B8A	0.189105
2021-03-02	B11	0.037325
2021-03-02	B12	0.02325
2021-03-07	B01	0.13272
2021-03-07	B02	0.123805
2021-03-07	B03	0.139545
2021-03-07	B04	0.18578
2021-03-07	B05	0.189575
2021-03-07	B06	0.177225
2021-03-07	B07	0.196415
2021-03-07	B08	0.16915999999999998
2021-03-07	B8A	0.16792
2021-03-07	B11	0.022705
2021-03-07	B12	0.014855
2021-04-01	B01	0.131785
2021-04-01	B02	0.12255
2021-04-01	B03	0.13727
2021-04-01	B04	0.182445
2021-04-01	B05	0.185065
2021-04-01	B06	0.16466
2021-04-01	B07	0.181245
2021-04-01	B08	0.15614
2021-04-01	B8A	0.150535
2021-04-01	B11	0.02292
2021-04-01	B12	0.01475999999999999
2021-04-21	B01	0.14237
2021-04-21	B02	0.134235
2021-04-21	B03	0.151355
2021-04-21	B04	0.20254
2021-04-21	B05	0.20013
2021-04-21	B06	0.18908
2021-04-21	B07	0.21535
2021-04-21	B08	0.18117
2021-04-21	B8A	0.187045
2021-04-21	B11	0.029105
2021-04-21	B12	0.017405
2021-04-26	B01	0.13352999999999998
2021-04-26	B02	0.125405
2021-04-26	B03	0.138855
2021-04-26	B04	0.184335
2021-04-26	B05	0.191735
2021-04-26	B06	0.173055
2021-04-26	B07	0.186985
2021-04-26	B08	0.164275
2021-04-26	B8A	0.155935
2021-04-26	B11	0.018505
2021-04-26	B12	0.01154
2021-05-01	B01	0.13538499999999998
2021-05-01	B02	0.123855
2021-05-01	B03	0.132885
2021-05-01	B04	0.17148
2021-05-01	B05	0.169375
2021-05-01	B06	0.152125
2021-05-01	B07	0.169845
2021-05-01	B08	0.140175
2021-05-01	B8A	0.14090999999999998
2021-05-01	B11	0.022615
2021-05-01	B12	0.013695
2021-05-06	B01	0.13762
2021-05-06	B02	0.125885
2021-05-06	B03	0.134395
2021-05-06	B04	0.170935
2021-05-06	B05	0.175165
2021-05-06	B06	0.154975
2021-05-06	B07	0.170405
2021-05-06	B08	0.14595
2021-05-06	B8A	0.13666
2021-05-06	B11	0.018405
2021-05-06	B12	0.01127
2021-05-16	B01	0.137065
2021-05-16	B02	0.12351
2021-05-16	B03	0.12997999999999998
2021-05-16	B04	0.16348
2021-05-16	B05	0.16284500000000002
2021-05-16	B06	0.13568
2021-05-16	B07	0.147625
2021-05-16	B08	0.12161
2021-05-16	B8A	0.114445
2021-05-16	B11	0.02208
2021-05-16	B12	0.01326
2021-05-21	B01	0.129545
2021-05-21	B02	0.10468
2021-05-21	B03	0.090875
2021-05-21	B04	0.09021
2021-05-21	B05	0.083665
2021-05-21	B06	0.0754
2021-05-21	B07	0.08265499999999999
2021-05-21	B08	0.06634
2021-05-21	B8A	0.06824
2021-05-21	B11	0.018085
2021-05-21	B12	0.00977
2021-05-26	B01	0.133275
2021-05-26	B02	0.11216
2021-05-26	B03	0.106615
2021-05-26	B04	0.123
2021-05-26	B05	0.123575
2021-05-26	B06	0.10534
2021-05-26	B07	0.11287
2021-05-26	B08	0.090625
2021-05-26	B8A	0.09075
2021-05-26	B11	0.02914499999999999
2021-05-26	B12	0.02102
2021-05-31	B01	0.133475
2021-05-31	B02	0.11769
2021-05-31	B03	0.12032
2021-05-31	B04	0.14651499999999998
2021-05-31	B05	0.142675
2021-05-31	B06	0.106895
2021-05-31	B07	0.113005
2021-05-31	B08	0.093395
2021-05-31	B8A	0.08514
2021-05-31	B11	0.02532
2021-05-31	B12	0.01612
2021-06-10	B01	0.139605
2021-06-10	B02	0.12201499999999998
2021-06-10	B03	0.1233
2021-06-10	B04	0.14678
2021-06-10	B05	0.136055
2021-06-10	B06	0.093035
2021-06-10	B07	0.10162
2021-06-10	B08	0.07987999999999999
2021-06-10	B8A	0.074305
2021-06-10	B11	0.023005
2021-06-10	B12	0.01446999999999999
2021-06-20	B01	0.13846499999999998
2021-06-20	B02	0.118555
2021-06-20	B03	0.11561
2021-06-20	B04	0.12946
2021-06-20	B05	0.1211
2021-06-20	B06	0.08255499999999999
2021-06-20	B07	0.08641499999999999
2021-06-20	B08	0.068225
2021-06-20	B8A	0.06437999999999999
2021-06-20	B11	0.02141
2021-06-20	B12	0.01275
2021-06-30	B01	0.130045
2021-06-30	B02	0.110655
2021-06-30	B03	0.10765
2021-06-30	B04	0.11986
2021-06-30	B05	0.112
2021-06-30	B06	0.07146
2021-06-30	B07	0.07202
2021-06-30	B08	0.05887999999999999
2021-06-30	B8A	0.05231
2021-06-30	B11	0.01948
2021-06-30	B12	0.014075
2021-07-25	B01	0.14301
2021-07-25	B02	0.11954
2021-07-25	B03	0.11173
2021-07-25	B04	0.109975
2021-07-25	B05	0.09681
2021-07-25	B06	0.07023499999999999
2021-07-25	B07	0.07317
2021-07-25	B08	0.06064499999999999
2021-07-25	B8A	0.060565
2021-07-25	B11	0.032795
2021-07-25	B12	0.02123
2021-07-30	B01	0.132555
2021-07-30	B02	0.11001
2021-07-30	B03	0.10534
2021-07-30	B04	0.105785
2021-07-30	B05	0.09474
2021-07-30	B06	0.05826
2021-07-30	B07	0.05906
2021-07-30	B08	0.04952
2021-07-30	B8A	0.044715
2021-07-30	B11	0.024
2021-07-30	B12	0.01673
2021-08-14	B01	0.22106
2021-08-14	B02	0.18132
2021-08-14	B03	0.16510999999999998
2021-08-14	B04	0.170975
2021-08-14	B05	0.17983
2021-08-14	B06	0.206675
2021-08-14	B07	0.22811
2021-08-14	B08	0.18712
2021-08-14	B8A	0.24709500000000004
2021-08-14	B11	0.23553500000000005
2021-08-14	B12	0.208675
2021-08-19	B01	0.166615
2021-08-19	B02	0.14265999999999998
2021-08-19	B03	0.12561
2021-08-19	B04	0.11382
2021-08-19	B05	0.10595
2021-08-19	B06	0.09642
2021-08-19	B07	0.09968
2021-08-19	B08	0.08455499999999999
2021-08-19	B8A	0.08943499999999999
2021-08-19	B11	0.04158999999999999
2021-08-19	B12	0.02623
2021-08-24	B01	0.186735
2021-08-24	B02	0.154245
2021-08-24	B03	0.12730999999999998
2021-08-24	B04	0.10749
2021-08-24	B05	0.10002
2021-08-24	B06	0.10081
2021-08-24	B07	0.104485
2021-08-24	B08	0.08932999999999999
2021-08-24	B8A	0.09624
2021-08-24	B11	0.040365
2021-08-24	B12	0.02327
2021-08-29	B01	0.1282
2021-08-29	B02	0.106065
2021-08-29	B03	0.101965
2021-08-29	B04	0.088665
2021-08-29	B05	0.07438499999999999
2021-08-29	B06	0.04873
2021-08-29	B07	0.049565
2021-08-29	B08	0.0409
2021-08-29	B8A	0.039665
2021-08-29	B11	0.02525
2021-08-29	B12	0.01689
2021-09-03	B01	0.19938
2021-09-03	B02	0.171945
2021-09-03	B03	0.15456
2021-09-03	B04	0.143705
2021-09-03	B05	0.13212000000000002
2021-09-03	B06	0.12014
2021-09-03	B07	0.1262
2021-09-03	B08	0.105865
2021-09-03	B8A	0.112155
2021-09-03	B11	0.05254499999999999
2021-09-03	B12	0.03188
2021-10-18	B01	0.1234
2021-10-18	B02	0.10354
2021-10-18	B03	0.10347
2021-10-18	B04	0.095335
2021-10-18	B05	0.08603499999999999
2021-10-18	B06	0.05936
2021-10-18	B07	0.063365
2021-10-18	B08	0.05165
2021-10-18	B8A	0.05198
2021-10-18	B11	0.02792
2021-10-18	B12	0.01971999999999999
2021-10-28	B01	0.116345
2021-10-28	B02	0.09292
2021-10-28	B03	0.08646000000000001
2021-10-28	B04	0.088005
2021-10-28	B05	0.0845
2021-10-28	B06	0.06035
2021-10-28	B07	0.06373
2021-10-28	B08	0.05117
2021-10-28	B8A	0.048965
2021-10-28	B11	0.021285
2021-10-28	B12	0.01386999999999999
2021-11-02	B01	0.12224000000000002
2021-11-02	B02	0.09829
2021-11-02	B03	0.09124
2021-11-02	B04	0.089755
2021-11-02	B05	0.082795
2021-11-02	B06	0.065105
2021-11-02	B07	0.070265
2021-11-02	B08	0.056675
2021-11-02	B8A	0.05774
2021-11-02	B11	0.026395
2021-11-02	B12	0.0161
2021-11-07	B01	0.15447
2021-11-07	B02	0.121905
2021-11-07	B03	0.11136
2021-11-07	B04	0.104725
2021-11-07	B05	0.092205
2021-11-07	B06	0.069125
2021-11-07	B07	0.076695
2021-11-07	B08	0.059520000000000003
2021-11-07	B8A	0.06138
2021-11-07	B11	0.02738999999999999
2021-11-07	B12	0.01605
2021-11-12	B01	0.119845
2021-11-12	B02	0.09443
2021-11-12	B03	0.08809
2021-11-12	B04	0.08188
2021-11-12	B05	0.073125
2021-11-12	B06	0.05669
2021-11-12	B07	0.06092
2021-11-12	B08	0.050275
2021-11-12	B8A	0.051005
2021-11-12	B11	0.025285
2021-11-12	B12	0.015465
2021-11-27	B01	0.14517
2021-11-27	B02	0.14285499999999998
2021-11-27	B03	0.141985
2021-11-27	B04	0.15045
2021-11-27	B05	0.14668499999999998
2021-11-27	B06	0.129525
2021-11-27	B07	0.14040999999999998
2021-11-27	B08	0.118555
2021-11-27	B8A	0.129045
2021-11-27	B11	0.085725
2021-11-27	B12	0.066415
2021-12-02	B01	0.13132
2021-12-02	B02	0.104935
2021-12-02	B03	0.10033
2021-12-02	B04	0.105105
2021-12-02	B05	0.1088
2021-12-02	B06	0.0882
2021-12-02	B07	0.09489
2021-12-02	B08	0.07646499999999999
2021-12-02	B8A	0.07687999999999999
2021-12-02	B11	0.03968999999999999
2021-12-02	B12	0.029345
2021-12-07	B01	0.12341
2021-12-07	B02	0.097945
2021-12-07	B03	0.09813
2021-12-07	B04	0.10844
2021-12-07	B05	0.107875
2021-12-07	B06	0.078805
2021-12-07	B07	0.08893999999999999
2021-12-07	B08	0.070725
2021-12-07	B8A	0.065875
2021-12-07	B11	0.025595
2021-12-07	B12	0.01583
2021-12-17	B01	0.137405
2021-12-17	B02	0.129805
2021-12-17	B03	0.14287
2021-12-17	B04	0.163785
2021-12-17	B05	0.15796
2021-12-17	B06	0.123485
2021-12-17	B07	0.13701
2021-12-17	B08	0.108125
2021-12-17	B8A	0.111115
2021-12-17	B11	0.05397
2021-12-17	B12	0.038495
2022-01-01	B01	0.14848499999999998
2022-01-01	B02	0.14889000000000002
2022-01-01	B03	0.168745
2022-01-01	B04	0.20909
2022-01-01	B05	0.21136999999999995
2022-01-01	B06	0.18588
2022-01-01	B07	0.205815
2022-01-01	B08	0.17343499999999998
2022-01-01	B8A	0.172845
2022-01-01	B11	0.05648499999999999
2022-01-01	B12	0.03915
2022-01-06	B01	0.14659
2022-01-06	B02	0.144425
2022-01-06	B03	0.16641
2022-01-06	B04	0.21158
2022-01-06	B05	0.21378500000000003
2022-01-06	B06	0.197395
2022-01-06	B07	0.21893
2022-01-06	B08	0.187005
2022-01-06	B8A	0.190565
2022-01-06	B11	0.05654499999999999
2022-01-06	B12	0.037865
2022-01-11	B01	0.140845
2022-01-11	B02	0.13588499999999998
2022-01-11	B03	0.155585
2022-01-11	B04	0.19516
2022-01-11	B05	0.19647
2022-01-11	B06	0.16501
2022-01-11	B07	0.18127
2022-01-11	B08	0.15285
2022-01-11	B8A	0.14612
2022-01-11	B11	0.03524
2022-01-11	B12	0.02215
2022-01-16	B01	0.14355
2022-01-16	B02	0.138365
2022-01-16	B03	0.15909
2022-01-16	B04	0.20166
2022-01-16	B05	0.19424
2022-01-16	B06	0.16945
2022-01-16	B07	0.192745
2022-01-16	B08	0.156485
2022-01-16	B8A	0.163445
2022-01-16	B11	0.038585
2022-01-16	B12	0.025385
2022-01-21	B01	0.14157
2022-01-21	B02	0.137865
2022-01-21	B03	0.15714
2022-01-21	B04	0.196035
2022-01-21	B05	0.186925
2022-01-21	B06	0.15267
2022-01-21	B07	0.172825
2022-01-21	B08	0.13741
2022-01-21	B8A	0.13656
2022-01-21	B11	0.044795
2022-01-21	B12	0.029795
2022-01-26	B01	0.24311
2022-01-26	B02	0.23284
2022-01-26	B03	0.225975
2022-01-26	B04	0.228915
2022-01-26	B05	0.22256
2022-01-26	B06	0.221275
2022-01-26	B07	0.23706
2022-01-26	B08	0.23112
2022-01-26	B8A	0.22717
2022-01-26	B11	0.180695
2022-01-26	B12	0.14798
2022-01-31	B01	0.252515
2022-01-31	B02	0.24231
2022-01-31	B03	0.25449
2022-01-31	B04	0.29243500000000006
2022-01-31	B05	0.29529
2022-01-31	B06	0.273825
2022-01-31	B07	0.289725
2022-01-31	B08	0.26255500000000004
2022-01-31	B8A	0.25711999999999996
2022-01-31	B11	0.13326
2022-01-31	B12	0.121495
2022-02-05	B01	0.2573
2022-02-05	B02	0.266795
2022-02-05	B03	0.29235
2022-02-05	B04	0.347225
2022-02-05	B05	0.343
2022-02-05	B06	0.32394500000000004
2022-02-05	B07	0.34883500000000006
2022-02-05	B08	0.31337
2022-02-05	B8A	0.31528
2022-02-05	B11	0.149225
2022-02-05	B12	0.133785
2022-02-10	B01	0.264325
2022-02-10	B02	0.25267
2022-02-10	B03	0.26155500000000004
2022-02-10	B04	0.297765
2022-02-10	B05	0.305005
2022-02-10	B06	0.30539
2022-02-10	B07	0.32513500000000006
2022-02-10	B08	0.29877
2022-02-10	B8A	0.302475
2022-02-10	B11	0.140755
2022-02-10	B12	0.124925
2022-02-15	B01	0.254225
2022-02-15	B02	0.24425500000000003
2022-02-15	B03	0.25724
2022-02-15	B04	0.296885
2022-02-15	B05	0.29641999999999996
2022-02-15	B06	0.29204500000000005
2022-02-15	B07	0.31359000000000004
2022-02-15	B08	0.28292
2022-02-15	B8A	0.28963500000000003
2022-02-15	B11	0.13768
2022-02-15	B12	0.12442
2022-02-20	B01	0.554705
2022-02-20	B02	0.53369
2022-02-20	B03	0.50397
2022-02-20	B04	0.504555
2022-02-20	B05	0.5065
2022-02-20	B06	0.540485
2022-02-20	B07	0.567595
2022-02-20	B08	0.5499350000000001
2022-02-20	B8A	0.57807
2022-02-20	B11	0.45958999999999994
2022-02-20	B12	0.368605
2022-02-25	B01	0.26338500000000004
2022-02-25	B02	0.255425
2022-02-25	B03	0.26689500000000005
2022-02-25	B04	0.305475
2022-02-25	B05	0.29546500000000003
2022-02-25	B06	0.28703500000000004
2022-02-25	B07	0.31782
2022-02-25	B08	0.277875
2022-02-25	B8A	0.29624500000000004
2022-02-25	B11	0.14303
2022-02-25	B12	0.125255
2022-03-02	B01	0.28549500000000005
2022-03-02	B02	0.31947
2022-03-02	B03	0.282125
2022-03-02	B04	0.26360500000000003
2022-03-02	B05	0.25586
2022-03-02	B06	0.28093
2022-03-02	B07	0.291945
2022-03-02	B08	0.32875
2022-03-02	B8A	0.28319500000000003
2022-03-02	B11	0.204405
2022-03-02	B12	0.15557000000000001
2022-03-07	B01	0.236025
2022-03-07	B02	0.22838500000000003
2022-03-07	B03	0.24531
2022-03-07	B04	0.29712
2022-03-07	B05	0.289335
2022-03-07	B06	0.278845
2022-03-07	B07	0.304935
2022-03-07	B08	0.26969
2022-03-07	B8A	0.280625
2022-03-07	B11	0.12611499999999998
2022-03-07	B12	0.114745
2022-03-12	B01	0.272715
2022-03-12	B02	0.25479500000000005
2022-03-12	B03	0.26585
2022-03-12	B04	0.30064500000000005
2022-03-12	B05	0.30899
2022-03-12	B06	0.31778
2022-03-12	B07	0.341515
2022-03-12	B08	0.31079
2022-03-12	B8A	0.326
2022-03-12	B11	0.172545
2022-03-12	B12	0.15904
2022-03-17	B01	0.62002
2022-03-17	B02	0.594475
2022-03-17	B03	0.5857150000000001
2022-03-17	B04	0.605515
2022-03-17	B05	0.625105
2022-03-17	B06	0.6687850000000001
2022-03-17	B07	0.693345
2022-03-17	B08	0.674435
2022-03-17	B8A	0.706595
2022-03-17	B11	0.46516
2022-03-17	B12	0.45924
2022-03-22	B01	1.10875
2022-03-22	B02	1.09282
2022-03-22	B03	1.04714
2022-03-22	B04	1.08206
2022-03-22	B05	1.09656
2022-03-22	B06	1.09474
2022-03-22	B07	1.095395
2022-03-22	B08	1.0783200000000002
2022-03-22	B8A	1.07376
2022-03-22	B11	0.32228
2022-03-22	B12	0.37021
2022-03-27	B01	0.23439
2022-03-27	B02	0.22841
2022-03-27	B03	0.24404
2022-03-27	B04	0.28985
2022-03-27	B05	0.29239
2022-03-27	B06	0.28214500000000003
2022-03-27	B07	0.29913500000000004
2022-03-27	B08	0.27324
2022-03-27	B8A	0.27193500000000004
2022-03-27	B11	0.12294
2022-03-27	B12	0.114
2022-04-01	B01	0.23323500000000005
2022-04-01	B02	0.224265
2022-04-01	B03	0.23651
2022-04-01	B04	0.27488
2022-04-01	B05	0.28267
2022-04-01	B06	0.26571
2022-04-01	B07	0.27917
2022-04-01	B08	0.256545
2022-04-01	B8A	0.24808
2022-04-01	B11	0.120805
2022-04-01	B12	0.11256499999999998
2022-04-06	B01	0.40749
2022-04-06	B02	0.37283
2022-04-06	B03	0.34865
2022-04-06	B04	0.33605999999999997
2022-04-06	B05	0.333275
2022-04-06	B06	0.382575
2022-04-06	B07	0.42462
2022-04-06	B08	0.39039
2022-04-06	B8A	0.43241
2022-04-06	B11	0.3269
2022-04-06	B12	0.25544
2022-04-11	B01	1.04177
2022-04-11	B02	1.025425
2022-04-11	B03	0.97842
2022-04-11	B04	1.021515
2022-04-11	B05	0.995235
2022-04-11	B06	1.018725
2022-04-11	B07	1.059065
2022-04-11	B08	0.980245
2022-04-11	B8A	1.06978
2022-04-11	B11	0.671285
2022-04-11	B12	0.5416150000000001
2022-04-16	B01	0.224345
2022-04-16	B02	0.20334
2022-04-16	B03	0.200605
2022-04-16	B04	0.222065
2022-04-16	B05	0.224935
2022-04-16	B06	0.198975
2022-04-16	B07	0.20804
2022-04-16	B08	0.18752
2022-04-16	B8A	0.1806
2022-04-16	B11	0.115235
2022-04-16	B12	0.110025
2022-04-21	B01	0.8513949999999999
2022-04-21	B02	0.844355
2022-04-21	B03	0.79796
2022-04-21	B04	0.8215100000000001
2022-04-21	B05	0.8297449999999998
2022-04-21	B06	0.8352299999999999
2022-04-21	B07	0.845515
2022-04-21	B08	0.8368349999999999
2022-04-21	B8A	0.83946
2022-04-21	B11	0.256425
2022-04-21	B12	0.27478
2022-04-26	B01	0.339825
2022-04-26	B02	0.314925
2022-04-26	B03	0.30262
2022-04-26	B04	0.30421
2022-04-26	B05	0.31398000000000004
2022-04-26	B06	0.35605
2022-04-26	B07	0.391305
2022-04-26	B08	0.366445
2022-04-26	B8A	0.394555
2022-04-26	B11	0.253195
2022-04-26	B12	0.21532
2022-05-01	B01	0.976365
2022-05-01	B02	0.9682349999999998
2022-05-01	B03	0.92937
2022-05-01	B04	0.977855
2022-05-01	B05	0.971965
2022-05-01	B06	0.99066
2022-05-01	B07	1.017475
2022-05-01	B08	0.975315
2022-05-01	B8A	1.023815
2022-05-01	B11	0.735125
2022-05-01	B12	0.550245
2022-05-06	B01	0.2189
2022-05-06	B02	0.193465
2022-05-06	B03	0.18402
2022-05-06	B04	0.1966
2022-05-06	B05	0.197405
2022-05-06	B06	0.181395
2022-05-06	B07	0.19034
2022-05-06	B08	0.172575
2022-05-06	B8A	0.16854
2022-05-06	B11	0.11362
2022-05-06	B12	0.10744
2022-05-11	B01	0.23403
2022-05-11	B02	0.202505
2022-05-11	B03	0.19093
2022-05-11	B04	0.19929
2022-05-11	B05	0.205265
2022-05-11	B06	0.21022
2022-05-11	B07	0.22558000000000003
2022-05-11	B08	0.19533
2022-05-11	B8A	0.218015
2022-05-11	B11	0.15144000000000002
2022-05-11	B12	0.142415
2022-05-16	B01	0.21984500000000004
2022-05-16	B02	0.19451
2022-05-16	B03	0.185165
2022-05-16	B04	0.199325
2022-05-16	B05	0.203395
2022-05-16	B06	0.17917
2022-05-16	B07	0.18566
2022-05-16	B08	0.17115999999999998
2022-05-16	B8A	0.16325499999999998
2022-05-16	B11	0.11536
2022-05-16	B12	0.11039000000000002
2022-05-21	B01	0.23646
2022-05-21	B02	0.211905
2022-05-21	B03	0.20073
2022-05-21	B04	0.209915
2022-05-21	B05	0.21404
2022-05-21	B06	0.20578
2022-05-21	B07	0.2163
2022-05-21	B08	0.20259
2022-05-21	B8A	0.20015
2022-05-21	B11	0.14344
2022-05-21	B12	0.12845
2022-05-26	B01	0.8196200000000001
2022-05-26	B02	0.8089850000000001
2022-05-26	B03	0.76683
2022-05-26	B04	0.8074650000000001
2022-05-26	B05	0.74332
2022-05-26	B06	0.768545
2022-05-26	B07	0.8378200000000001
2022-05-26	B08	0.747325
2022-05-26	B8A	0.86129
2022-05-26	B11	0.56816
2022-05-26	B12	0.41641000000000006
2022-05-31	B01	0.48322
2022-05-31	B02	0.461945
2022-05-31	B03	0.4375
2022-05-31	B04	0.449875
2022-05-31	B05	0.4679100000000001
2022-05-31	B06	0.51166
2022-05-31	B07	0.534885
2022-05-31	B08	0.52382
2022-05-31	B8A	0.546655
2022-05-31	B11	0.48216500000000007
2022-05-31	B12	0.43799
2022-06-05	B01	0.502845
2022-06-05	B02	0.50449
2022-06-05	B03	0.472955
2022-06-05	B04	0.47638500000000006
2022-06-05	B05	0.47668
2022-06-05	B06	0.510985
2022-06-05	B07	0.5369
2022-06-05	B08	0.525085
2022-06-05	B8A	0.5486949999999999
2022-06-05	B11	0.385105
2022-06-05	B12	0.31206500000000004
2022-06-10	B01	0.256215
2022-06-10	B02	0.22564
2022-06-10	B03	0.20985
2022-06-10	B04	0.21706
2022-06-10	B05	0.21887
2022-06-10	B06	0.20179
2022-06-10	B07	0.20804500000000004
2022-06-10	B08	0.193515
2022-06-10	B8A	0.188985
2022-06-10	B11	0.13226
2022-06-10	B12	0.12224000000000002
2022-06-15	B01	0.22365
2022-06-15	B02	0.196025
2022-06-15	B03	0.18109
2022-06-15	B04	0.18437
2022-06-15	B05	0.182455
2022-06-15	B06	0.160445
2022-06-15	B07	0.16517
2022-06-15	B08	0.15237
2022-06-15	B8A	0.147585
2022-06-15	B11	0.11497
2022-06-15	B12	0.108355
2022-06-20	B01	0.22573
2022-06-20	B02	0.199255
2022-06-20	B03	0.183245
2022-06-20	B04	0.1856
2022-06-20	B05	0.184045
2022-06-20	B06	0.1662
2022-06-20	B07	0.16955
2022-06-20	B08	0.15743
2022-06-20	B8A	0.154515
2022-06-20	B11	0.117235
2022-06-20	B12	0.11137
2022-06-25	B01	0.88923
2022-06-25	B02	0.822965
2022-06-25	B03	0.784775
2022-06-25	B04	0.8376299999999999
2022-06-25	B05	0.8296049999999999
2022-06-25	B06	0.852525
2022-06-25	B07	0.899805
2022-06-25	B08	0.79423
2022-06-25	B8A	0.92564
2022-06-25	B11	0.6778850000000001
2022-06-25	B12	0.61434
2022-06-30	B01	0.22472
2022-06-30	B02	0.19828
2022-06-30	B03	0.184295
2022-06-30	B04	0.18974
2022-06-30	B05	0.18651
2022-06-30	B06	0.16222
2022-06-30	B07	0.16408
2022-06-30	B08	0.15286
2022-06-30	B8A	0.14789000000000002
2022-06-30	B11	0.11512
2022-06-30	B12	0.10876
2022-07-05	B01	0.8482949999999999
2022-07-05	B02	0.84735
2022-07-05	B03	0.81794
2022-07-05	B04	0.870965
2022-07-05	B05	0.8409449999999999
2022-07-05	B06	0.8693349999999999
2022-07-05	B07	0.92704
2022-07-05	B08	0.860265
2022-07-05	B8A	0.95652
2022-07-05	B11	0.6792699999999999
2022-07-05	B12	0.54595
2022-07-10	B01	0.63595
2022-07-10	B02	0.622575
2022-07-10	B03	0.5839949999999999
2022-07-10	B04	0.59539
2022-07-10	B05	0.60951
2022-07-10	B06	0.642925
2022-07-10	B07	0.6637
2022-07-10	B08	0.65005
2022-07-10	B8A	0.66845
2022-07-10	B11	0.31195500000000004
2022-07-10	B12	0.31333
2022-07-15	B01	0.23561000000000001
2022-07-15	B02	0.21054
2022-07-15	B03	0.20072
2022-07-15	B04	0.20266
2022-07-15	B05	0.194965
2022-07-15	B06	0.178535
2022-07-15	B07	0.18677
2022-07-15	B08	0.17171499999999998
2022-07-15	B8A	0.174
2022-07-15	B11	0.13546
2022-07-15	B12	0.121955
2022-07-20	B01	0.233375
2022-07-20	B02	0.20568000000000003
2022-07-20	B03	0.18974
2022-07-20	B04	0.187905
2022-07-20	B05	0.1808
2022-07-20	B06	0.167845
2022-07-20	B07	0.17342
2022-07-20	B08	0.158885
2022-07-20	B8A	0.161655
2022-07-20	B11	0.127765
2022-07-20	B12	0.116295
2022-07-25	B01	0.23986999999999997
2022-07-25	B02	0.21020500000000003
2022-07-25	B03	0.197005
2022-07-25	B04	0.196835
2022-07-25	B05	0.188435
2022-07-25	B06	0.17273
2022-07-25	B07	0.180695
2022-07-25	B08	0.16203499999999998
2022-07-25	B8A	0.169935
2022-07-25	B11	0.129075
2022-07-25	B12	0.11949
2022-07-30	B01	0.23886999999999997
2022-07-30	B02	0.216565
2022-07-30	B03	0.20823000000000003
2022-07-30	B04	0.209105
2022-07-30	B05	0.20813
2022-07-30	B06	0.19711
2022-07-30	B07	0.20364
2022-07-30	B08	0.198375
2022-07-30	B8A	0.19085
2022-07-30	B11	0.15317999999999998
2022-07-30	B12	0.13566
2022-08-04	B01	0.8863849999999999
2022-08-04	B02	0.8657299999999999
2022-08-04	B03	0.8357100000000001
2022-08-04	B04	0.8981449999999999
2022-08-04	B05	0.8929299999999999
2022-08-04	B06	0.9097349999999998
2022-08-04	B07	0.945595
2022-08-04	B08	0.88835
2022-08-04	B8A	0.967405
2022-08-04	B11	0.7206100000000001
2022-08-04	B12	0.556295
2022-08-09	B01	0.71217
2022-08-09	B02	0.6570199999999999
2022-08-09	B03	0.6415850000000001
2022-08-09	B04	0.69104
2022-08-09	B05	0.708
2022-08-09	B06	0.748745
2022-08-09	B07	0.784715
2022-08-09	B08	0.7147150000000001
2022-08-09	B8A	0.804075
2022-08-09	B11	0.618735
2022-08-09	B12	0.48348
2022-08-14	B01	0.22574500000000003
2022-08-14	B02	0.20158
2022-08-14	B03	0.194295
2022-08-14	B04	0.19045
2022-08-14	B05	0.180535
2022-08-14	B06	0.15925
2022-08-14	B07	0.166345
2022-08-14	B08	0.15212
2022-08-14	B8A	0.15411499999999995
2022-08-14	B11	0.123585
2022-08-14	B12	0.1136
2022-08-19	B01	0.22362
2022-08-19	B02	0.203005
2022-08-19	B03	0.198595
2022-08-19	B04	0.20179
2022-08-19	B05	0.196405
2022-08-19	B06	0.163965
2022-08-19	B07	0.166305
2022-08-19	B08	0.155605
2022-08-19	B8A	0.15036
2022-08-19	B11	0.119685
2022-08-19	B12	0.113125
2022-08-24	B01	0.22869500000000004
2022-08-24	B02	0.20247
2022-08-24	B03	0.19059
2022-08-24	B04	0.183405
2022-08-24	B05	0.176445
2022-08-24	B06	0.16121
2022-08-24	B07	0.166485
2022-08-24	B08	0.153835
2022-08-24	B8A	0.156655
2022-08-24	B11	0.124575
2022-08-24	B12	0.11376
2022-08-29	B01	0.213675
2022-08-29	B02	0.18745
2022-08-29	B03	0.17031
2022-08-29	B04	0.1596
2022-08-29	B05	0.15700999999999998
2022-08-29	B06	0.147025
2022-08-29	B07	0.147605
2022-08-29	B08	0.14121499999999998
2022-08-29	B8A	0.13927
2022-08-29	B11	0.114385
2022-08-29	B12	0.109295
2022-09-03	B01	0.22017
2022-09-03	B02	0.199765
2022-09-03	B03	0.196495
2022-09-03	B04	0.19735
2022-09-03	B05	0.19064
2022-09-03	B06	0.15897
2022-09-03	B07	0.161065
2022-09-03	B08	0.15098
2022-09-03	B8A	0.1456
2022-09-03	B11	0.11905
2022-09-03	B12	0.111055
2022-09-08	B01	0.33955
2022-09-08	B02	0.31415
2022-09-08	B03	0.285405
2022-09-08	B04	0.26373500000000005
2022-09-08	B05	0.261485
2022-09-08	B06	0.2802
2022-09-08	B07	0.28759
2022-09-08	B08	0.263405
2022-09-08	B8A	0.275085
2022-09-08	B11	0.159515
2022-09-08	B12	0.128325
2022-09-13	B01	0.220995
2022-09-13	B02	0.19583
2022-09-13	B03	0.191065
2022-09-13	B04	0.18222
2022-09-13	B05	0.176
2022-09-13	B06	0.15350999999999998
2022-09-13	B07	0.155945
2022-09-13	B08	0.145865
2022-09-13	B8A	0.14654
2022-09-13	B11	0.12653499999999998
2022-09-13	B12	0.11725
2022-09-18	B01	0.47608
2022-09-18	B02	0.448105
2022-09-18	B03	0.43826
2022-09-18	B04	0.451395
2022-09-18	B05	0.463205
2022-09-18	B06	0.499345
2022-09-18	B07	0.5202399999999999
2022-09-18	B08	0.492735
2022-09-18	B8A	0.534285
2022-09-18	B11	0.49927
2022-09-18	B12	0.44798999999999994
2022-09-23	B01	0.221325
2022-09-23	B02	0.199105
2022-09-23	B03	0.195515
2022-09-23	B04	0.18413
2022-09-23	B05	0.175155
2022-09-23	B06	0.153655
2022-09-23	B07	0.156215
2022-09-23	B08	0.14720999999999998
2022-09-23	B8A	0.146005
2022-09-23	B11	0.12279
2022-09-23	B12	0.11398
2022-09-28	B01	0.33037
2022-09-28	B02	0.309425
2022-09-28	B03	0.290475
2022-09-28	B04	0.281135
2022-09-28	B05	0.289895
2022-09-28	B06	0.31671
2022-09-28	B07	0.33187
2022-09-28	B08	0.32787
2022-09-28	B8A	0.33946
2022-09-28	B11	0.238645
2022-09-28	B12	0.213405
2022-10-03	B01	0.220905
2022-10-03	B02	0.2005
2022-10-03	B03	0.19887
2022-10-03	B04	0.188945
2022-10-03	B05	0.179585
2022-10-03	B06	0.15396
2022-10-03	B07	0.155635
2022-10-03	B08	0.14624
2022-10-03	B8A	0.145905
2022-10-03	B11	0.12444
2022-10-03	B12	0.117195
2022-10-08	B01	0.23511
2022-10-08	B02	0.217045
2022-10-08	B03	0.21684
2022-10-08	B04	0.21354
2022-10-08	B05	0.20616
2022-10-08	B06	0.18612
2022-10-08	B07	0.19276
2022-10-08	B08	0.179345
2022-10-08	B8A	0.183805
2022-10-08	B11	0.14668
2022-10-08	B12	0.133595
2022-10-13	B01	0.21892
2022-10-13	B02	0.19805
2022-10-13	B03	0.192955
2022-10-13	B04	0.185395
2022-10-13	B05	0.17679
2022-10-13	B06	0.1555
2022-10-13	B07	0.15953499999999998
2022-10-13	B08	0.14793499999999998
2022-10-13	B8A	0.1483
2022-10-13	B11	0.12215
2022-10-13	B12	0.11403
2022-10-18	B01	0.222715
2022-10-18	B02	0.204325
2022-10-18	B03	0.201235
2022-10-18	B04	0.202915
2022-10-18	B05	0.19546
2022-10-18	B06	0.16691
2022-10-18	B07	0.17165
2022-10-18	B08	0.15811
2022-10-18	B8A	0.155965
2022-10-18	B11	0.12483
2022-10-18	B12	0.11608
2022-10-23	B01	0.223295
2022-10-23	B02	0.200235
2022-10-23	B03	0.196295
2022-10-23	B04	0.19067
2022-10-23	B05	0.18185
2022-10-23	B06	0.15884
2022-10-23	B07	0.16426
2022-10-23	B08	0.150665
2022-10-23	B8A	0.150025
2022-10-23	B11	0.120695
2022-10-23	B12	0.11211
2022-10-28	B01	0.23044
2022-10-28	B02	0.21432
2022-10-28	B03	0.21309500000000003
2022-10-28	B04	0.21855500000000003
2022-10-28	B05	0.212815
2022-10-28	B06	0.18708
2022-10-28	B07	0.19354
2022-10-28	B08	0.17565999999999998
2022-10-28	B8A	0.177915
2022-10-28	B11	0.141955
2022-10-28	B12	0.132605
2022-11-02	B01	0.22371999999999995
2022-11-02	B02	0.20216
2022-11-02	B03	0.201615
2022-11-02	B04	0.20645
2022-11-02	B05	0.20162
2022-11-02	B06	0.16887
2022-11-02	B07	0.171925
2022-11-02	B08	0.1597
2022-11-02	B8A	0.15384
2022-11-02	B11	0.124135
2022-11-02	B12	0.116565
2022-11-12	B01	0.411445
2022-11-12	B02	0.386225
2022-11-12	B03	0.36445
2022-11-12	B04	0.35551
2022-11-12	B05	0.36875
2022-11-12	B06	0.40901
2022-11-12	B07	0.4344150000000001
2022-11-12	B08	0.42433999999999994
2022-11-12	B8A	0.4473
2022-11-12	B11	0.26266
2022-11-12	B12	0.23666
2022-11-17	B01	0.22264500000000004
2022-11-17	B02	0.20436000000000001
2022-11-17	B03	0.1958
2022-11-17	B04	0.196645
2022-11-17	B05	0.19351
2022-11-17	B06	0.17488499999999998
2022-11-17	B07	0.18099
2022-11-17	B08	0.16710999999999998
2022-11-17	B8A	0.16948
2022-11-17	B11	0.139
2022-11-17	B12	0.131325
2022-11-22	B01	0.146255
2022-11-22	B02	0.15845499999999998
2022-11-22	B03	0.176715
2022-11-22	B04	0.192645
2022-11-22	B05	0.18962
2022-11-22	B06	0.15830999999999998
2022-11-22	B07	0.161935
2022-11-22	B08	0.15847
2022-11-22	B8A	0.149875
2022-11-22	B11	0.133125
2022-11-22	B12	0.127155
2022-11-27	B01	0.13935
2022-11-27	B02	0.14426
2022-11-27	B03	0.16448
2022-11-27	B04	0.179475
2022-11-27	B05	0.18003
2022-11-27	B06	0.14318499999999998
2022-11-27	B07	0.147775
2022-11-27	B08	0.14023
2022-11-27	B8A	0.135345
2022-11-27	B11	0.122275
2022-11-27	B12	0.11728
2022-12-07	B01	0.15013
2022-12-07	B02	0.14705
2022-12-07	B03	0.162925
2022-12-07	B04	0.172535
2022-12-07	B05	0.17238
2022-12-07	B06	0.14142000000000002
2022-12-07	B07	0.14456
2022-12-07	B08	0.137285
2022-12-07	B8A	0.134845
2022-12-07	B11	0.122385
2022-12-07	B12	0.116655
2022-12-22	B01	0.144175
2022-12-22	B02	0.14943
2022-12-22	B03	0.16905499999999998
2022-12-22	B04	0.1708
2022-12-22	B05	0.16835
2022-12-22	B06	0.1406
2022-12-22	B07	0.147555
2022-12-22	B08	0.14049
2022-12-22	B8A	0.14063
2022-12-22	B11	0.13057
2022-12-22	B12	0.123855
2023-01-01	B01	0.15031
2023-01-01	B02	0.156435
2023-01-01	B03	0.175015
2023-01-01	B04	0.17444
2023-01-01	B05	0.17049
2023-01-01	B06	0.14184000000000002
2023-01-01	B07	0.14766500000000002
2023-01-01	B08	0.13823
2023-01-01	B8A	0.140555
2023-01-01	B11	0.13391
2023-01-01	B12	0.12553
2023-01-06	B01	0.156905
2023-01-06	B02	0.156505
2023-01-06	B03	0.17802
2023-01-06	B04	0.173495
2023-01-06	B05	0.17063
2023-01-06	B06	0.14373
2023-01-06	B07	0.14886
2023-01-06	B08	0.14211500000000002
2023-01-06	B8A	0.141955
2023-01-06	B11	0.137515
2023-01-06	B12	0.12658
2023-01-11	B01	0.1616
2023-01-11	B02	0.174575
2023-01-11	B03	0.20155
2023-01-11	B04	0.20087
2023-01-11	B05	0.20177
2023-01-11	B06	0.1579
2023-01-11	B07	0.1646
2023-01-11	B08	0.151125
2023-01-11	B8A	0.14566500000000002
2023-01-11	B11	0.133465
2023-01-11	B12	0.12487
2023-01-16	B01	0.14564000000000002
2023-01-16	B02	0.15550999999999998
2023-01-16	B03	0.185155
2023-01-16	B04	0.186075
2023-01-16	B05	0.18189
2023-01-16	B06	0.140375
2023-01-16	B07	0.14344
2023-01-16	B08	0.136425
2023-01-16	B8A	0.13343
2023-01-16	B11	0.12908
2023-01-16	B12	0.120245
2023-01-26	B01	0.153345
2023-01-26	B02	0.15239
2023-01-26	B03	0.15683
2023-01-26	B04	0.147105
2023-01-26	B05	0.14787
2023-01-26	B06	0.1408
2023-01-26	B07	0.141625
2023-01-26	B08	0.13376
2023-01-26	B8A	0.134215
2023-01-26	B11	0.11042
2023-01-26	B12	0.106695
2023-01-31	B01	0.14816500000000002
2023-01-31	B02	0.16424
2023-01-31	B03	0.18976
2023-01-31	B04	0.188475
2023-01-31	B05	0.18104
2023-01-31	B06	0.14169
2023-01-31	B07	0.145455
2023-01-31	B08	0.13741
2023-01-31	B8A	0.13481
2023-01-31	B11	0.12103
2023-01-31	B12	0.11515999999999998
2023-02-05	B01	0.14709
2023-02-05	B02	0.16238
2023-02-05	B03	0.19363
2023-02-05	B04	0.19302
2023-02-05	B05	0.184135
2023-02-05	B06	0.14204
2023-02-05	B07	0.14574
2023-02-05	B08	0.140145
2023-02-05	B8A	0.13633
2023-02-05	B11	0.12126
2023-02-05	B12	0.11633
2023-02-20	B01	0.169745
2023-02-20	B02	0.201425
2023-02-20	B03	0.24863
2023-02-20	B04	0.29877
2023-02-20	B05	0.31056500000000004
2023-02-20	B06	0.24468
2023-02-20	B07	0.253975
2023-02-20	B08	0.23218000000000005
2023-02-20	B8A	0.20872
2023-02-20	B11	0.11733
2023-02-20	B12	0.114085
2023-02-25	B01	0.16329000000000002
2023-02-25	B02	0.189605
2023-02-25	B03	0.24043
2023-02-25	B04	0.28831
2023-02-25	B05	0.29696500000000003
2023-02-25	B06	0.232465
2023-02-25	B07	0.24067
2023-02-25	B08	0.21853000000000003
2023-02-25	B8A	0.201535
2023-02-25	B11	0.122605
2023-02-25	B12	0.11818499999999998
2023-03-17	B01	0.1463
2023-03-17	B02	0.144675
2023-03-17	B03	0.14987
2023-03-17	B04	0.157575
2023-03-17	B05	0.16085
2023-03-17	B06	0.14140999999999998
2023-03-17	B07	0.145445
2023-03-17	B08	0.13510999999999998
2023-03-17	B8A	0.13026500000000002
2023-03-17	B11	0.107465
2023-03-17	B12	0.10435
2023-03-22	B01	0.13088
2023-03-22	B02	0.13631500000000002
2023-03-22	B03	0.14695999999999998
2023-03-22	B04	0.157865
2023-03-22	B05	0.162055
2023-03-22	B06	0.1348
2023-03-22	B07	0.141845
2023-03-22	B08	0.1315
2023-03-22	B8A	0.13061
2023-03-22	B11	0.11608
2023-03-22	B12	0.112205
2023-03-27	B01	0.14272
2023-03-27	B02	0.156605
2023-03-27	B03	0.191995
2023-03-27	B04	0.23011
2023-03-27	B05	0.24145
2023-03-27	B06	0.191045
2023-03-27	B07	0.19957
2023-03-27	B08	0.1876
2023-03-27	B8A	0.17001
2023-03-27	B11	0.11966
2023-03-27	B12	0.115295
2023-04-01	B01	0.12431
2023-04-01	B02	0.133975
2023-04-01	B03	0.151635
2023-04-01	B04	0.168615
2023-04-01	B05	0.175925
2023-04-01	B06	0.1433
2023-04-01	B07	0.15007
2023-04-01	B08	0.14017000000000002
2023-04-01	B8A	0.13514
2023-04-01	B11	0.11614
2023-04-01	B12	0.1112
2023-04-11	B01	0.144795
2023-04-11	B02	0.17597000000000002
2023-04-11	B03	0.21685
2023-04-11	B04	0.26982
2023-04-11	B05	0.28804
2023-04-11	B06	0.242475
2023-04-11	B07	0.25525
2023-04-11	B08	0.23256
2023-04-11	B8A	0.21844
2023-04-11	B11	0.116055
2023-04-11	B12	0.11051500000000002
2023-04-21	B01	0.14144500000000002
2023-04-21	B02	0.17657
2023-04-21	B03	0.22256
2023-04-21	B04	0.28244
2023-04-21	B05	0.295125
2023-04-21	B06	0.255855
2023-04-21	B07	0.26519499999999996
2023-04-21	B08	0.25499
2023-04-21	B8A	0.23004499999999997
2023-04-21	B11	0.11393
2023-04-21	B12	0.109135
2023-04-26	B01	0.136115
2023-04-26	B02	0.16201500000000002
2023-04-26	B03	0.206555
2023-04-26	B04	0.26187
2023-04-26	B05	0.277355
2023-04-26	B06	0.22455
2023-04-26	B07	0.2341
2023-04-26	B08	0.21445
2023-04-26	B8A	0.1988
2023-04-26	B11	0.113295
2023-04-26	B12	0.107835
2023-05-11	B01	0.13374
2023-05-11	B02	0.159865
2023-05-11	B03	0.196695
2023-05-11	B04	0.24311
2023-05-11	B05	0.251275
2023-05-11	B06	0.201835
2023-05-11	B07	0.2083
2023-05-11	B08	0.19206
2023-05-11	B8A	0.175755
2023-05-11	B11	0.11751
2023-05-11	B12	0.11156
2023-05-16	B01	0.11828
2023-05-16	B02	0.13873
2023-05-16	B03	0.17412
2023-05-16	B04	0.21512
2023-05-16	B05	0.221715
2023-05-16	B06	0.17132
2023-05-16	B07	0.174705
2023-05-16	B08	0.16675
2023-05-16	B8A	0.14743499999999998
2023-05-16	B11	0.11416
2023-05-16	B12	0.11065
2023-06-25	B01	0.116255
2023-06-25	B02	0.122955
2023-06-25	B03	0.142235
2023-06-25	B04	0.16533499999999998
2023-06-25	B05	0.16996
2023-06-25	B06	0.138535
2023-06-25	B07	0.142215
2023-06-25	B08	0.13345
2023-06-25	B8A	0.131075
2023-06-25	B11	0.11995
2023-06-25	B12	0.11559
2023-07-05	B01	0.12627
2023-07-05	B02	0.130565
2023-07-05	B03	0.14844000000000002
2023-07-05	B04	0.168355
2023-07-05	B05	0.1709
2023-07-05	B06	0.14469500000000002
2023-07-05	B07	0.149805
2023-07-05	B08	0.142205
2023-07-05	B8A	0.140175
2023-07-05	B11	0.128605
2023-07-05	B12	0.120135
2023-07-30	B01	0.119495
2023-07-30	B02	0.13145
2023-07-30	B03	0.150065
2023-07-30	B04	0.168185
2023-07-30	B05	0.16507
2023-07-30	B06	0.132695
2023-07-30	B07	0.136
2023-07-30	B08	0.13003
2023-07-30	B8A	0.126435
2023-07-30	B11	0.121565
2023-07-30	B12	0.114725
2023-08-04	B01	0.13371
2023-08-04	B02	0.136415
2023-08-04	B03	0.15643
2023-08-04	B04	0.174
2023-08-04	B05	0.17122
2023-08-04	B06	0.14364000000000002
2023-08-04	B07	0.148105
2023-08-04	B08	0.140565
2023-08-04	B8A	0.13943
2023-08-04	B11	0.132875
2023-08-04	B12	0.124355
2023-08-14	B01	0.123025
2023-08-14	B02	0.12977
2023-08-14	B03	0.15382
2023-08-14	B04	0.168735
2023-08-14	B05	0.162715
2023-08-14	B06	0.130385
2023-08-14	B07	0.13251500000000002
2023-08-14	B08	0.13079000000000002
2023-08-14	B8A	0.12591
2023-08-14	B11	0.123305
2023-08-14	B12	0.11625
2024-01-26	B01	0.154065
2024-01-26	B02	0.180895
2024-01-26	B03	0.22529
2024-01-26	B04	0.27686
2024-01-26	B05	0.288875
2024-01-26	B06	0.22549
2024-01-26	B07	0.237615
2024-01-26	B08	0.21787
2024-01-26	B8A	0.1976
2024-01-26	B11	0.125875
2024-01-26	B12	0.120805
2024-01-31	B01	0.16804000000000002
2024-01-31	B02	0.190915
2024-01-31	B03	0.24123000000000003
2024-01-31	B04	0.2977
2024-01-31	B05	0.31631
2024-01-31	B06	0.26419000000000004
2024-01-31	B07	0.2742
2024-01-31	B08	0.25217
2024-01-31	B8A	0.23476
2024-01-31	B11	0.13258
2024-01-31	B12	0.12646500000000002
2024-02-05	B01	0.16783499999999998
2024-02-05	B02	0.201835
2024-02-05	B03	0.2525
2024-02-05	B04	0.31466
2024-02-05	B05	0.33510500000000004
2024-02-05	B06	0.283695
2024-02-05	B07	0.29706
2024-02-05	B08	0.2702
2024-02-05	B8A	0.25909
2024-02-05	B11	0.13232
2024-02-05	B12	0.12617
2024-02-15	B01	0.207135
2024-02-15	B02	0.23112
2024-02-15	B03	0.27313000000000004
2024-02-15	B04	0.30962
2024-02-15	B05	0.33449
2024-02-15	B06	0.32483
2024-02-15	B07	0.345005
2024-02-15	B08	0.32335
2024-02-15	B8A	0.32252
2024-02-15	B11	0.22691
2024-02-15	B12	0.20062
2024-02-20	B01	0.16315
2024-02-20	B02	0.18997
2024-02-20	B03	0.24191999999999997
2024-02-20	B04	0.29611
2024-02-20	B05	0.31349
2024-02-20	B06	0.25419
2024-02-20	B07	0.263305
2024-02-20	B08	0.23752
2024-02-20	B8A	0.22071
2024-02-20	B11	0.123685
2024-02-20	B12	0.11822
2024-02-25	B01	0.169335
2024-02-25	B02	0.20698000000000005
2024-02-25	B03	0.25781
2024-02-25	B04	0.31897
2024-02-25	B05	0.332595
2024-02-25	B06	0.279185
2024-02-25	B07	0.29525500000000005
2024-02-25	B08	0.26134
2024-02-25	B8A	0.255275
2024-02-25	B11	0.128885
2024-02-25	B12	0.12205
2024-02-25	B01	0.169335
2024-02-25	B02	0.20698000000000005
2024-02-25	B03	0.25781
2024-02-25	B04	0.31897
2024-02-25	B05	0.332595
2024-02-25	B06	0.279185
2024-02-25	B07	0.29525500000000005
2024-02-25	B08	0.26134
2024-02-25	B8A	0.255275
2024-02-25	B11	0.128885
2024-02-25	B12	0.12205
2024-03-01	B01	0.15617
2024-03-01	B02	0.19121
2024-03-01	B03	0.24169
2024-03-01	B04	0.2982
2024-03-01	B05	0.31524
2024-03-01	B06	0.266395
2024-03-01	B07	0.27784000000000003
2024-03-01	B08	0.25529
2024-03-01	B8A	0.239525
2024-03-01	B11	0.124655
2024-03-01	B12	0.11818
2024-03-06	B01	0.13913
2024-03-06	B02	0.16228
2024-03-06	B03	0.194655
2024-03-06	B04	0.23435
2024-03-06	B05	0.2456
2024-03-06	B06	0.20426
2024-03-06	B07	0.21239499999999997
2024-03-06	B08	0.198805
2024-03-06	B8A	0.181995
2024-03-06	B11	0.117615
2024-03-06	B12	0.11359
2024-03-11	B01	0.14470999999999998
2024-03-11	B02	0.17937
2024-03-11	B03	0.22743
2024-03-11	B04	0.28609
2024-03-11	B05	0.29777
2024-03-11	B06	0.2462
2024-03-11	B07	0.257825
2024-03-11	B08	0.2362
2024-03-11	B8A	0.21884
2024-03-11	B11	0.1195
2024-03-11	B12	0.113985
2024-03-16	B01	0.148195
2024-03-16	B02	0.170465
2024-03-16	B03	0.20506
2024-03-16	B04	0.25501
2024-03-16	B05	0.27948
2024-03-16	B06	0.23549
2024-03-16	B07	0.25066
2024-03-16	B08	0.22317
2024-03-16	B8A	0.21614
2024-03-16	B11	0.12197
2024-03-16	B12	0.116725
2024-03-26	B01	0.14151
2024-03-26	B02	0.17962999999999998
2024-03-26	B03	0.22798
2024-03-26	B04	0.29051
2024-03-26	B05	0.30376
2024-03-26	B06	0.253085
2024-03-26	B07	0.264335
2024-03-26	B08	0.24708
2024-03-26	B8A	0.22501
2024-03-26	B11	0.11965
2024-03-26	B12	0.114415
2024-03-31	B01	0.17633
2024-03-31	B02	0.197585
2024-03-31	B03	0.23915
2024-03-31	B04	0.29156
2024-03-31	B05	0.31399499999999997
2024-03-31	B06	0.28374499999999997
2024-03-31	B07	0.29944
2024-03-31	B08	0.27559
2024-03-31	B8A	0.26319000000000004
2024-03-31	B11	0.13584000000000002
2024-03-31	B12	0.123755
2024-04-20	B01	0.13558
2024-04-20	B02	0.16413
2024-04-20	B03	0.209605
2024-04-20	B04	0.26596
2024-04-20	B05	0.28363499999999997
2024-04-20	B06	0.23784499999999997
2024-04-20	B07	0.246975
2024-04-20	B08	0.232085
2024-04-20	B8A	0.21125500000000005
2024-04-20	B11	0.116275
2024-04-20	B12	0.111945
2024-05-20	B01	0.115965
2024-05-20	B02	0.12993
2024-05-20	B03	0.16166
2024-05-20	B04	0.199365
2024-05-20	B05	0.204435
2024-05-20	B06	0.16325
2024-05-20	B07	0.16619
2024-05-20	B08	0.160855
2024-05-20	B8A	0.14374
2024-05-20	B11	0.11506
2024-05-20	B12	0.111115
2024-05-30	B01	0.121455
2024-05-30	B02	0.13355
2024-05-30	B03	0.1633
2024-05-30	B04	0.202145
2024-05-30	B05	0.20853
2024-05-30	B06	0.16122
2024-05-30	B07	0.16496
2024-05-30	B08	0.16005
2024-05-30	B8A	0.14239000000000002
2024-05-30	B11	0.11695
2024-05-30	B12	0.11238
2024-06-19	B01	0.149125
2024-06-19	B02	0.16193
2024-06-19	B03	0.195445
2024-06-19	B04	0.22989
2024-06-19	B05	0.23474
2024-06-19	B06	0.180295
2024-06-19	B07	0.184495
2024-06-19	B08	0.167425
2024-06-19	B8A	0.15680999999999998
2024-06-19	B11	0.135525
2024-06-19	B12	0.126595
2024-06-29	B01	0.109155
2024-06-29	B02	0.123185
2024-06-29	B03	0.153365
2024-06-29	B04	0.180695
2024-06-29	B05	0.181055
2024-06-29	B06	0.142715
2024-06-29	B07	0.146655
2024-06-29	B08	0.14113
2024-06-29	B8A	0.132845
2024-06-29	B11	0.11795
2024-06-29	B12	0.114695
2024-07-09	B01	0.12077
2024-07-09	B02	0.13318
2024-07-09	B03	0.164615
2024-07-09	B04	0.19804
2024-07-09	B05	0.196425
2024-07-09	B06	0.147255
2024-07-09	B07	0.15239
2024-07-09	B08	0.145525
2024-07-09	B8A	0.13518
2024-07-09	B11	0.12859
2024-07-09	B12	0.123175
2024-07-14	B01	0.180175
2024-07-14	B02	0.19645
2024-07-14	B03	0.209825
2024-07-14	B04	0.21851
2024-07-14	B05	0.233225
2024-07-14	B06	0.24248000000000003
2024-07-14	B07	0.25306
2024-07-14	B08	0.2618
2024-07-14	B8A	0.254375
2024-07-14	B11	0.24474
2024-07-14	B12	0.232935
2024-07-19	B01	0.12867
2024-07-19	B02	0.142665
2024-07-19	B03	0.172725
2024-07-19	B04	0.194215
2024-07-19	B05	0.187825
2024-07-19	B06	0.14263499999999998
2024-07-19	B07	0.145705
2024-07-19	B08	0.139275
2024-07-19	B8A	0.131955
2024-07-19	B11	0.12558
2024-07-19	B12	0.12054
2024-07-24	B01	0.130925
2024-07-24	B02	0.147755
2024-07-24	B03	0.17322
2024-07-24	B04	0.194625
2024-07-24	B05	0.18718
2024-07-24	B06	0.1449
2024-07-24	B07	0.147305
2024-07-24	B08	0.14145
2024-07-24	B8A	0.13483499999999998
2024-07-24	B11	0.12645499999999998
2024-07-24	B12	0.122315
2024-07-29	B01	0.13443
2024-07-29	B02	0.14772000000000002
2024-07-29	B03	0.180725
2024-07-29	B04	0.20375
2024-07-29	B05	0.20419
2024-07-29	B06	0.157055
2024-07-29	B07	0.158855
2024-07-29	B08	0.151275
2024-07-29	B8A	0.13921
2024-07-29	B11	0.12616
2024-07-29	B12	0.118475
2024-08-03	B01	0.129385
2024-08-03	B02	0.156685
2024-08-03	B03	0.18854
2024-08-03	B04	0.21134
2024-08-03	B05	0.203905
2024-08-03	B06	0.137665
2024-08-03	B07	0.13993
2024-08-03	B08	0.12025
2024-08-03	B8A	0.116025
2024-08-03	B11	0.13051500000000002
2024-08-03	B12	0.127095
2024-08-08	B01	0.122895
2024-08-08	B02	0.142645
2024-08-08	B03	0.181955
2024-08-08	B04	0.20656
2024-08-08	B05	0.19994
2024-08-08	B06	0.144265
2024-08-08	B07	0.14523
2024-08-08	B08	0.139475
2024-08-08	B8A	0.129025
2024-08-08	B11	0.125395
2024-08-08	B12	0.11939
2024-08-13	B01	0.120535
2024-08-13	B02	0.13824
2024-08-13	B03	0.17067000000000002
2024-08-13	B04	0.18808
2024-08-13	B05	0.17868499999999998
2024-08-13	B06	0.126985
2024-08-13	B07	0.12818
2024-08-13	B08	0.12192
2024-08-13	B8A	0.11614
2024-08-13	B11	0.12714
2024-08-13	B12	0.12157
2024-08-18	B01	0.15267
2024-08-18	B02	0.164305
2024-08-18	B03	0.188
2024-08-18	B04	0.196745
2024-08-18	B05	0.197445
2024-08-18	B06	0.14774500000000002
2024-08-18	B07	0.14510499999999998
2024-08-18	B08	0.131615
2024-08-18	B8A	0.126795
2024-08-18	B11	0.13137
2024-08-18	B12	0.12498
2024-08-28	B01	0.1369
2024-08-28	B02	0.140285
2024-08-28	B03	0.161065
2024-08-28	B04	0.17667
2024-08-28	B05	0.17145
2024-08-28	B06	0.132155
2024-08-28	B07	0.13484000000000002
2024-08-28	B08	0.1301
2024-08-28	B8A	0.123605
2024-08-28	B11	0.12672
2024-08-28	B12	0.12068
2024-09-02	B01	0.13207
2024-09-02	B02	0.13971
2024-09-02	B03	0.16026500000000002
2024-09-02	B04	0.175335
2024-09-02	B05	0.17213499999999998
2024-09-02	B06	0.133525
2024-09-02	B07	0.13527999999999998
2024-09-02	B08	0.12872999999999998
2024-09-02	B8A	0.12341
2024-09-02	B11	0.123185
2024-09-02	B12	0.119515
2024-09-17	B01	0.144145
2024-09-17	B02	0.14487
2024-09-17	B03	0.16915999999999998
2024-09-17	B04	0.178975
2024-09-17	B05	0.17442
2024-09-17	B06	0.14087
2024-09-17	B07	0.14343499999999998
2024-09-17	B08	0.137755
2024-09-17	B8A	0.13471
2024-09-17	B11	0.14215999999999998
2024-09-17	B12	0.13255999999999998
2024-09-27	B01	0.148515
2024-09-27	B02	0.154375
2024-09-27	B03	0.18119
2024-09-27	B04	0.18492
2024-09-27	B05	0.17628
2024-09-27	B06	0.13005999999999998
2024-09-27	B07	0.13295
2024-09-27	B08	0.12721500000000002
2024-09-27	B8A	0.12173
2024-09-27	B11	0.12467
2024-09-27	B12	0.117875
2024-10-12	B01	0.14560499999999998
2024-10-12	B02	0.16096
2024-10-12	B03	0.18353
2024-10-12	B04	0.185795
2024-10-12	B05	0.172315
2024-10-12	B06	0.13818
2024-10-12	B07	0.14486500000000002
2024-10-12	B08	0.137365
2024-10-12	B8A	0.135255
2024-10-12	B11	0.13159
2024-10-12	B12	0.12535
2024-10-17	B01	0.1605
2024-10-17	B02	0.16676
2024-10-17	B03	0.189625
2024-10-17	B04	0.18542
2024-10-17	B05	0.175635
2024-10-17	B06	0.1328
2024-10-17	B07	0.13158499999999998
2024-10-17	B08	0.11553
2024-10-17	B8A	0.11646
2024-10-17	B11	0.12627
2024-10-17	B12	0.120245
2024-10-22	B01	0.14491500000000002
2024-10-22	B02	0.154125
2024-10-22	B03	0.17661500000000002
2024-10-22	B04	0.17885
2024-10-22	B05	0.173785
2024-10-22	B06	0.13738499999999998
2024-10-22	B07	0.14215
2024-10-22	B08	0.130525
2024-10-22	B8A	0.13100499999999998
2024-10-22	B11	0.13155999999999998
2024-10-22	B12	0.12511
2024-11-11	B01	0.180435
2024-11-11	B02	0.206295
2024-11-11	B03	0.23249
2024-11-11	B04	0.233205
2024-11-11	B05	0.224905
2024-11-11	B06	0.17329
2024-11-11	B07	0.17891
2024-11-11	B08	0.16681000000000001
2024-11-11	B8A	0.170485
2024-11-11	B11	0.181125
2024-11-11	B12	0.168765
2024-11-16	B01	0.195195
2024-11-16	B02	0.23523
2024-11-16	B03	0.27884000000000003
2024-11-16	B04	0.30044
2024-11-16	B05	0.300235
2024-11-16	B06	0.232325
2024-11-16	B07	0.240495
2024-11-16	B08	0.2195
2024-11-16	B8A	0.21882
2024-11-16	B11	0.19326
2024-11-16	B12	0.182855
2024-12-01	B01	0.182795
2024-12-01	B02	0.23478
2024-12-01	B03	0.28442
2024-12-01	B04	0.34189
2024-12-01	B05	0.3532
2024-12-01	B06	0.27324499999999996
2024-12-01	B07	0.28214
2024-12-01	B08	0.24748
2024-12-01	B8A	0.23904
2024-12-01	B11	0.15954000000000002
2024-12-01	B12	0.153805
2024-12-06	B01	0.18181
2024-12-06	B02	0.21409
2024-12-06	B03	0.26939
2024-12-06	B04	0.32548
2024-12-06	B05	0.338465
2024-12-06	B06	0.263225
2024-12-06	B07	0.27070500000000003
2024-12-06	B08	0.23909
2024-12-06	B8A	0.2282
2024-12-06	B11	0.14285
2024-12-06	B12	0.136355
